[INFO]: The following handler was succesfully initialized: <Pipeline object; current queue size: 0 routine(s)>
[INFO]: The following handler was succesfully initialized: <FastqParser object>
[INFO]: Fetching split.1.fastq.gz. . .
[INFO]: The following handler was succesfully initialized: <Pipeline object; current queue size: 0 routine(s)>
[INFO]: The following handler was succesfully initialized: <FastqParser object>
[INFO]: Fetching split.1.fastq.gz. . .
[INFO]: The following handler was succesfully initialized: <Pipeline object; current queue size: 0 routine(s)>
[INFO]: The following handler was succesfully initialized: <FastqParser object>
[INFO]: Fetching split.1.fastq.gz. . .
[INFO]: 10 routines appended to pipeline; current queue size: 10
[INFO]: split.1.fastq DNA dataset shape: (223100,)
[INFO]: split.1.fastq Q score dataset shape: (223100,)
[INFO]: split.1.fastq Peptide dataset shape: None
[INFO]: -----------------------------------------------------------------
[INFO]: Queuing <translate_dna> routine. . .
[INFO]: The operation took 47.458 s
[INFO]: split.1.fastq DNA dataset shape: (223100, 10457)
[INFO]: split.1.fastq Q score dataset shape: (223100, 10457)
[INFO]: split.1.fastq Peptide dataset shape: (223100, 536)
[INFO]: -----------------------------------------------------------------
[INFO]: Queuing <filter_ambiguous> routine. . .
[INFO]: The operation took 27.941 s
[INFO]: split.1.fastq DNA dataset shape: (223100, 10457)
[INFO]: split.1.fastq Q score dataset shape: (223100, 10457)
[INFO]: split.1.fastq Peptide dataset shape: (223100, 536)
[INFO]: -----------------------------------------------------------------
[INFO]: Queuing <_cr_filter_fuzzy> routine. . .
[INFO]: The operation took 262.277 s
[INFO]: split.1.fastq DNA dataset shape: (76255, 10457)
[INFO]: split.1.fastq Q score dataset shape: (76255, 10457)
[INFO]: split.1.fastq Peptide dataset shape: (76255, 536)
[INFO]: -----------------------------------------------------------------
[INFO]: Queuing <fetch_fuzzy> routine. . .
[INFO]: The operation took 204.459 s
[INFO]: split.1.fastq DNA dataset shape: (76255, 10457)
[INFO]: split.1.fastq Q score dataset shape: (76255, 10457)
[INFO]: split.1.fastq Peptide dataset shape: (76255, 531)
[INFO]: -----------------------------------------------------------------
[INFO]: Queuing <full_count_summary> routine. . .
[INFO]: The operation took 101.761 s
[INFO]: split.1.fastq DNA dataset shape: (76255, 10457)
[INFO]: split.1.fastq Q score dataset shape: (76255, 10457)
[INFO]: split.1.fastq Peptide dataset shape: (76255, 531)
[INFO]: -----------------------------------------------------------------
[INFO]: Queuing <full_count_summary> routine. . .
[INFO]: The operation took 6.195 s
[INFO]: split.1.fastq DNA dataset shape: (76255, 10457)
[INFO]: split.1.fastq Q score dataset shape: (76255, 10457)
[INFO]: split.1.fastq Peptide dataset shape: (76255, 531)
[INFO]: -----------------------------------------------------------------
[INFO]: Queuing <template_breakdown> routine. . .
[INFO]: The operation took 0.004 s
[INFO]: split.1.fastq DNA dataset shape: (76255, 10457)
[INFO]: split.1.fastq Q score dataset shape: (76255, 10457)
[INFO]: split.1.fastq Peptide dataset shape: (76255, 531)
[INFO]: -----------------------------------------------------------------
[INFO]: Queuing <unpad_data> routine. . .
[INFO]: The operation took 2.861 s
[INFO]: split.1.fastq DNA dataset shape: (76255, 2472)
[INFO]: split.1.fastq Q score dataset shape: (76255, 2472)
[INFO]: split.1.fastq Peptide dataset shape: (76255, 531)
[INFO]: -----------------------------------------------------------------
[INFO]: Queuing <save_data> routine. . .
[INFO]: The operation took 0.08 s
[INFO]: split.1.fastq DNA dataset shape: (76255, 2472)
[INFO]: split.1.fastq Q score dataset shape: (76255, 2472)
[INFO]: split.1.fastq Peptide dataset shape: (76255, 531)
[INFO]: -----------------------------------------------------------------
[INFO]: Queuing <template_breakdown> routine. . .
[INFO]: The operation took 0.004 s
[INFO]: split.1.fastq DNA dataset shape: (76255, 2472)
[INFO]: split.1.fastq Q score dataset shape: (76255, 2472)
[INFO]: split.1.fastq Peptide dataset shape: (76255, 531)
[INFO]: -----------------------------------------------------------------
[INFO]: Fetching split.2.fastq.gz. . .
[INFO]: 10 routines appended to pipeline; current queue size: 10
[INFO]: split.2.fastq DNA dataset shape: (223100,)
[INFO]: split.2.fastq Q score dataset shape: (223100,)
[INFO]: split.2.fastq Peptide dataset shape: None
[INFO]: -----------------------------------------------------------------
[INFO]: Queuing <translate_dna> routine. . .
[INFO]: The operation took 33.258 s
[INFO]: split.2.fastq DNA dataset shape: (223100, 3383)
[INFO]: split.2.fastq Q score dataset shape: (223100, 3383)
[INFO]: split.2.fastq Peptide dataset shape: (223100, 530)
[INFO]: -----------------------------------------------------------------
[INFO]: Queuing <filter_ambiguous> routine. . .
[INFO]: The operation took 7.515 s
[INFO]: split.2.fastq DNA dataset shape: (223100, 3383)
[INFO]: split.2.fastq Q score dataset shape: (223100, 3383)
[INFO]: split.2.fastq Peptide dataset shape: (223100, 530)
[INFO]: -----------------------------------------------------------------
[INFO]: Queuing <_cr_filter_fuzzy> routine. . .
[INFO]: The operation took 265.294 s
[INFO]: split.2.fastq DNA dataset shape: (76301, 3383)
[INFO]: split.2.fastq Q score dataset shape: (76301, 3383)
[INFO]: split.2.fastq Peptide dataset shape: (76301, 530)
[INFO]: -----------------------------------------------------------------
[INFO]: Queuing <fetch_fuzzy> routine. . .
[INFO]: The operation took 204.73 s
[INFO]: split.2.fastq DNA dataset shape: (76301, 3383)
[INFO]: split.2.fastq Q score dataset shape: (76301, 3383)
[INFO]: split.2.fastq Peptide dataset shape: (76301, 523)
[INFO]: -----------------------------------------------------------------
[INFO]: Queuing <full_count_summary> routine. . .
[INFO]: The operation took 38.241 s
[INFO]: split.2.fastq DNA dataset shape: (76301, 3383)
[INFO]: split.2.fastq Q score dataset shape: (76301, 3383)
[INFO]: split.2.fastq Peptide dataset shape: (76301, 523)
[INFO]: -----------------------------------------------------------------
[INFO]: Queuing <full_count_summary> routine. . .
[INFO]: The operation took 6.86 s
[INFO]: split.2.fastq DNA dataset shape: (76301, 3383)
[INFO]: split.2.fastq Q score dataset shape: (76301, 3383)
[INFO]: split.2.fastq Peptide dataset shape: (76301, 523)
[INFO]: -----------------------------------------------------------------
[INFO]: Queuing <template_breakdown> routine. . .
[INFO]: The operation took 0.004 s
[INFO]: split.2.fastq DNA dataset shape: (76301, 3383)
[INFO]: split.2.fastq Q score dataset shape: (76301, 3383)
[INFO]: split.2.fastq Peptide dataset shape: (76301, 523)
[INFO]: -----------------------------------------------------------------
[INFO]: Queuing <unpad_data> routine. . .
[INFO]: The operation took 1.227 s
[INFO]: split.2.fastq DNA dataset shape: (76301, 1657)
[INFO]: split.2.fastq Q score dataset shape: (76301, 1657)
[INFO]: split.2.fastq Peptide dataset shape: (76301, 523)
[INFO]: -----------------------------------------------------------------
[INFO]: Queuing <save_data> routine. . .
[INFO]: The operation took 0.075 s
[INFO]: split.2.fastq DNA dataset shape: (76301, 1657)
[INFO]: split.2.fastq Q score dataset shape: (76301, 1657)
[INFO]: split.2.fastq Peptide dataset shape: (76301, 523)
[INFO]: -----------------------------------------------------------------
[INFO]: Queuing <template_breakdown> routine. . .
[INFO]: The operation took 0.003 s
[INFO]: split.2.fastq DNA dataset shape: (76301, 1657)
[INFO]: split.2.fastq Q score dataset shape: (76301, 1657)
[INFO]: split.2.fastq Peptide dataset shape: (76301, 523)
[INFO]: -----------------------------------------------------------------
[INFO]: Fetching split.3.fastq.gz. . .
[INFO]: 10 routines appended to pipeline; current queue size: 10
[INFO]: split.3.fastq DNA dataset shape: (223100,)
[INFO]: split.3.fastq Q score dataset shape: (223100,)
[INFO]: split.3.fastq Peptide dataset shape: None
[INFO]: -----------------------------------------------------------------
[INFO]: Queuing <translate_dna> routine. . .
[INFO]: The operation took 33.285 s
[INFO]: split.3.fastq DNA dataset shape: (223100, 3331)
[INFO]: split.3.fastq Q score dataset shape: (223100, 3331)
[INFO]: split.3.fastq Peptide dataset shape: (223100, 526)
[INFO]: -----------------------------------------------------------------
[INFO]: Queuing <filter_ambiguous> routine. . .
[INFO]: The operation took 7.434 s
[INFO]: split.3.fastq DNA dataset shape: (223100, 3331)
[INFO]: split.3.fastq Q score dataset shape: (223100, 3331)
[INFO]: split.3.fastq Peptide dataset shape: (223100, 526)
[INFO]: -----------------------------------------------------------------
[INFO]: Queuing <_cr_filter_fuzzy> routine. . .
[INFO]: The operation took 259.904 s
[INFO]: split.3.fastq DNA dataset shape: (76094, 3331)
[INFO]: split.3.fastq Q score dataset shape: (76094, 3331)
[INFO]: split.3.fastq Peptide dataset shape: (76094, 526)
[INFO]: -----------------------------------------------------------------
[INFO]: Queuing <fetch_fuzzy> routine. . .
[INFO]: The operation took 202.622 s
[INFO]: split.3.fastq DNA dataset shape: (76094, 3331)
[INFO]: split.3.fastq Q score dataset shape: (76094, 3331)
[INFO]: split.3.fastq Peptide dataset shape: (76094, 514)
[INFO]: -----------------------------------------------------------------
[INFO]: Queuing <full_count_summary> routine. . .
[INFO]: The operation took 36.297 s
[INFO]: split.3.fastq DNA dataset shape: (76094, 3331)
[INFO]: split.3.fastq Q score dataset shape: (76094, 3331)
[INFO]: split.3.fastq Peptide dataset shape: (76094, 514)
[INFO]: -----------------------------------------------------------------
[INFO]: Queuing <full_count_summary> routine. . .
[INFO]: The operation took 6.077 s
[INFO]: split.3.fastq DNA dataset shape: (76094, 3331)
[INFO]: split.3.fastq Q score dataset shape: (76094, 3331)
[INFO]: split.3.fastq Peptide dataset shape: (76094, 514)
[INFO]: -----------------------------------------------------------------
[INFO]: Queuing <template_breakdown> routine. . .
[INFO]: The operation took 0.004 s
[INFO]: split.3.fastq DNA dataset shape: (76094, 3331)
[INFO]: split.3.fastq Q score dataset shape: (76094, 3331)
[INFO]: split.3.fastq Peptide dataset shape: (76094, 514)
[INFO]: -----------------------------------------------------------------
[INFO]: Queuing <unpad_data> routine. . .
[INFO]: The operation took 1.416 s
[INFO]: split.3.fastq DNA dataset shape: (76094, 2416)
[INFO]: split.3.fastq Q score dataset shape: (76094, 2416)
[INFO]: split.3.fastq Peptide dataset shape: (76094, 514)
[INFO]: -----------------------------------------------------------------
[INFO]: Queuing <save_data> routine. . .
[INFO]: The operation took 0.074 s
[INFO]: split.3.fastq DNA dataset shape: (76094, 2416)
[INFO]: split.3.fastq Q score dataset shape: (76094, 2416)
[INFO]: split.3.fastq Peptide dataset shape: (76094, 514)
[INFO]: -----------------------------------------------------------------
[INFO]: Queuing <template_breakdown> routine. . .
[INFO]: The operation took 0.003 s
[INFO]: split.3.fastq DNA dataset shape: (76094, 2416)
[INFO]: split.3.fastq Q score dataset shape: (76094, 2416)
[INFO]: split.3.fastq Peptide dataset shape: (76094, 514)
[INFO]: -----------------------------------------------------------------
[INFO]: Fetching split.4.fastq.gz. . .
[INFO]: 10 routines appended to pipeline; current queue size: 10
[INFO]: split.4.fastq DNA dataset shape: (223100,)
[INFO]: split.4.fastq Q score dataset shape: (223100,)
[INFO]: split.4.fastq Peptide dataset shape: None
[INFO]: -----------------------------------------------------------------
[INFO]: Queuing <translate_dna> routine. . .
[INFO]: The operation took 34.042 s
[INFO]: split.4.fastq DNA dataset shape: (223100, 3904)
[INFO]: split.4.fastq Q score dataset shape: (223100, 3904)
[INFO]: split.4.fastq Peptide dataset shape: (223100, 528)
[INFO]: -----------------------------------------------------------------
[INFO]: Queuing <filter_ambiguous> routine. . .
[INFO]: The operation took 8.488 s
[INFO]: split.4.fastq DNA dataset shape: (223100, 3904)
[INFO]: split.4.fastq Q score dataset shape: (223100, 3904)
[INFO]: split.4.fastq Peptide dataset shape: (223100, 528)
[INFO]: -----------------------------------------------------------------
[INFO]: Queuing <_cr_filter_fuzzy> routine. . .
[INFO]: The operation took 262.691 s
[INFO]: split.4.fastq DNA dataset shape: (75726, 3904)
[INFO]: split.4.fastq Q score dataset shape: (75726, 3904)
[INFO]: split.4.fastq Peptide dataset shape: (75726, 528)
[INFO]: -----------------------------------------------------------------
[INFO]: Queuing <fetch_fuzzy> routine. . .
[INFO]: The operation took 202.901 s
[INFO]: split.4.fastq DNA dataset shape: (75726, 3904)
[INFO]: split.4.fastq Q score dataset shape: (75726, 3904)
[INFO]: split.4.fastq Peptide dataset shape: (75726, 459)
[INFO]: -----------------------------------------------------------------
[INFO]: Queuing <full_count_summary> routine. . .
[INFO]: The operation took 40.834 s
[INFO]: split.4.fastq DNA dataset shape: (75726, 3904)
[INFO]: split.4.fastq Q score dataset shape: (75726, 3904)
[INFO]: split.4.fastq Peptide dataset shape: (75726, 459)
[INFO]: -----------------------------------------------------------------
[INFO]: Queuing <full_count_summary> routine. . .
[INFO]: The operation took 5.49 s
[INFO]: split.4.fastq DNA dataset shape: (75726, 3904)
[INFO]: split.4.fastq Q score dataset shape: (75726, 3904)
[INFO]: split.4.fastq Peptide dataset shape: (75726, 459)
[INFO]: -----------------------------------------------------------------
[INFO]: Queuing <template_breakdown> routine. . .
[INFO]: The operation took 0.004 s
[INFO]: split.4.fastq DNA dataset shape: (75726, 3904)
[INFO]: split.4.fastq Q score dataset shape: (75726, 3904)
[INFO]: split.4.fastq Peptide dataset shape: (75726, 459)
[INFO]: -----------------------------------------------------------------
[INFO]: Queuing <unpad_data> routine. . .
[INFO]: The operation took 1.54 s
[INFO]: split.4.fastq DNA dataset shape: (75726, 2370)
[INFO]: split.4.fastq Q score dataset shape: (75726, 2370)
[INFO]: split.4.fastq Peptide dataset shape: (75726, 459)
[INFO]: -----------------------------------------------------------------
[INFO]: Queuing <save_data> routine. . .
[INFO]: The operation took 0.066 s
[INFO]: split.4.fastq DNA dataset shape: (75726, 2370)
[INFO]: split.4.fastq Q score dataset shape: (75726, 2370)
[INFO]: split.4.fastq Peptide dataset shape: (75726, 459)
[INFO]: -----------------------------------------------------------------
[INFO]: Queuing <template_breakdown> routine. . .
[INFO]: The operation took 0.003 s
[INFO]: split.4.fastq DNA dataset shape: (75726, 2370)
[INFO]: split.4.fastq Q score dataset shape: (75726, 2370)
[INFO]: split.4.fastq Peptide dataset shape: (75726, 459)
[INFO]: -----------------------------------------------------------------
[INFO]: Fetching split.5.fastq.gz. . .
[INFO]: 10 routines appended to pipeline; current queue size: 10
[INFO]: split.5.fastq DNA dataset shape: (223100,)
[INFO]: split.5.fastq Q score dataset shape: (223100,)
[INFO]: split.5.fastq Peptide dataset shape: None
[INFO]: -----------------------------------------------------------------
[INFO]: Queuing <translate_dna> routine. . .
[INFO]: The operation took 33.796 s
[INFO]: split.5.fastq DNA dataset shape: (223100, 3744)
[INFO]: split.5.fastq Q score dataset shape: (223100, 3744)
[INFO]: split.5.fastq Peptide dataset shape: (223100, 530)
[INFO]: -----------------------------------------------------------------
[INFO]: Queuing <filter_ambiguous> routine. . .
[INFO]: The operation took 8.155 s
[INFO]: split.5.fastq DNA dataset shape: (223100, 3744)
[INFO]: split.5.fastq Q score dataset shape: (223100, 3744)
[INFO]: split.5.fastq Peptide dataset shape: (223100, 530)
[INFO]: -----------------------------------------------------------------
[INFO]: Queuing <_cr_filter_fuzzy> routine. . .
[INFO]: The operation took 261.237 s
[INFO]: split.5.fastq DNA dataset shape: (76362, 3744)
[INFO]: split.5.fastq Q score dataset shape: (76362, 3744)
[INFO]: split.5.fastq Peptide dataset shape: (76362, 530)
[INFO]: -----------------------------------------------------------------
[INFO]: Queuing <fetch_fuzzy> routine. . .
[INFO]: The operation took 202.905 s
[INFO]: split.5.fastq DNA dataset shape: (76362, 3744)
[INFO]: split.5.fastq Q score dataset shape: (76362, 3744)
[INFO]: split.5.fastq Peptide dataset shape: (76362, 523)
[INFO]: -----------------------------------------------------------------
[INFO]: Queuing <full_count_summary> routine. . .
[INFO]: The operation took 40.461 s
[INFO]: split.5.fastq DNA dataset shape: (76362, 3744)
[INFO]: split.5.fastq Q score dataset shape: (76362, 3744)
[INFO]: split.5.fastq Peptide dataset shape: (76362, 523)
[INFO]: -----------------------------------------------------------------
[INFO]: Queuing <full_count_summary> routine. . .
[INFO]: The operation took 6.29 s
[INFO]: split.5.fastq DNA dataset shape: (76362, 3744)
[INFO]: split.5.fastq Q score dataset shape: (76362, 3744)
[INFO]: split.5.fastq Peptide dataset shape: (76362, 523)
[INFO]: -----------------------------------------------------------------
[INFO]: Queuing <template_breakdown> routine. . .
[INFO]: The operation took 0.003 s
[INFO]: split.5.fastq DNA dataset shape: (76362, 3744)
[INFO]: split.5.fastq Q score dataset shape: (76362, 3744)
[INFO]: split.5.fastq Peptide dataset shape: (76362, 523)
[INFO]: -----------------------------------------------------------------
[INFO]: Queuing <unpad_data> routine. . .
[INFO]: The operation took 1.426 s
[INFO]: split.5.fastq DNA dataset shape: (76362, 2492)
[INFO]: split.5.fastq Q score dataset shape: (76362, 2492)
[INFO]: split.5.fastq Peptide dataset shape: (76362, 523)
[INFO]: -----------------------------------------------------------------
[INFO]: Queuing <save_data> routine. . .
[INFO]: The operation took 0.073 s
[INFO]: split.5.fastq DNA dataset shape: (76362, 2492)
[INFO]: split.5.fastq Q score dataset shape: (76362, 2492)
[INFO]: split.5.fastq Peptide dataset shape: (76362, 523)
[INFO]: -----------------------------------------------------------------
[INFO]: Queuing <template_breakdown> routine. . .
[INFO]: The operation took 0.003 s
[INFO]: split.5.fastq DNA dataset shape: (76362, 2492)
[INFO]: split.5.fastq Q score dataset shape: (76362, 2492)
[INFO]: split.5.fastq Peptide dataset shape: (76362, 523)
[INFO]: -----------------------------------------------------------------
[INFO]: Fetching split.6.fastq.gz. . .
[INFO]: 10 routines appended to pipeline; current queue size: 10
[INFO]: split.6.fastq DNA dataset shape: (223100,)
[INFO]: split.6.fastq Q score dataset shape: (223100,)
[INFO]: split.6.fastq Peptide dataset shape: None
[INFO]: -----------------------------------------------------------------
[INFO]: Queuing <translate_dna> routine. . .
[INFO]: The operation took 33.426 s
[INFO]: split.6.fastq DNA dataset shape: (223100, 3443)
[INFO]: split.6.fastq Q score dataset shape: (223100, 3443)
[INFO]: split.6.fastq Peptide dataset shape: (223100, 532)
[INFO]: -----------------------------------------------------------------
[INFO]: Queuing <filter_ambiguous> routine. . .
[INFO]: The operation took 7.591 s
[INFO]: split.6.fastq DNA dataset shape: (223100, 3443)
[INFO]: split.6.fastq Q score dataset shape: (223100, 3443)
[INFO]: split.6.fastq Peptide dataset shape: (223100, 532)
[INFO]: -----------------------------------------------------------------
[INFO]: Queuing <_cr_filter_fuzzy> routine. . .
[INFO]: The operation took 262.517 s
[INFO]: split.6.fastq DNA dataset shape: (76504, 3443)
[INFO]: split.6.fastq Q score dataset shape: (76504, 3443)
[INFO]: split.6.fastq Peptide dataset shape: (76504, 532)
[INFO]: -----------------------------------------------------------------
[INFO]: Queuing <fetch_fuzzy> routine. . .
[INFO]: The operation took 205.189 s
[INFO]: split.6.fastq DNA dataset shape: (76504, 3443)
[INFO]: split.6.fastq Q score dataset shape: (76504, 3443)
[INFO]: split.6.fastq Peptide dataset shape: (76504, 525)
[INFO]: -----------------------------------------------------------------
[INFO]: Queuing <full_count_summary> routine. . .
[INFO]: The operation took 37.914 s
[INFO]: split.6.fastq DNA dataset shape: (76504, 3443)
[INFO]: split.6.fastq Q score dataset shape: (76504, 3443)
[INFO]: split.6.fastq Peptide dataset shape: (76504, 525)
[INFO]: -----------------------------------------------------------------
[INFO]: Queuing <full_count_summary> routine. . .
[INFO]: The operation took 6.372 s
[INFO]: split.6.fastq DNA dataset shape: (76504, 3443)
[INFO]: split.6.fastq Q score dataset shape: (76504, 3443)
[INFO]: split.6.fastq Peptide dataset shape: (76504, 525)
[INFO]: -----------------------------------------------------------------
[INFO]: Queuing <template_breakdown> routine. . .
[INFO]: The operation took 0.003 s
[INFO]: split.6.fastq DNA dataset shape: (76504, 3443)
[INFO]: split.6.fastq Q score dataset shape: (76504, 3443)
[INFO]: split.6.fastq Peptide dataset shape: (76504, 525)
[INFO]: -----------------------------------------------------------------
[INFO]: Queuing <unpad_data> routine. . .
[INFO]: The operation took 1.488 s
[INFO]: split.6.fastq DNA dataset shape: (76504, 2453)
[INFO]: split.6.fastq Q score dataset shape: (76504, 2453)
[INFO]: split.6.fastq Peptide dataset shape: (76504, 525)
[INFO]: -----------------------------------------------------------------
[INFO]: Queuing <save_data> routine. . .
[INFO]: The operation took 0.072 s
[INFO]: split.6.fastq DNA dataset shape: (76504, 2453)
[INFO]: split.6.fastq Q score dataset shape: (76504, 2453)
[INFO]: split.6.fastq Peptide dataset shape: (76504, 525)
[INFO]: -----------------------------------------------------------------
[INFO]: Queuing <template_breakdown> routine. . .
[INFO]: The operation took 0.003 s
[INFO]: split.6.fastq DNA dataset shape: (76504, 2453)
[INFO]: split.6.fastq Q score dataset shape: (76504, 2453)
[INFO]: split.6.fastq Peptide dataset shape: (76504, 525)
[INFO]: -----------------------------------------------------------------
[INFO]: Fetching split.7.fastq.gz. . .
[INFO]: 10 routines appended to pipeline; current queue size: 10
[INFO]: split.7.fastq DNA dataset shape: (223100,)
[INFO]: split.7.fastq Q score dataset shape: (223100,)
[INFO]: split.7.fastq Peptide dataset shape: None
[INFO]: -----------------------------------------------------------------
[INFO]: Queuing <translate_dna> routine. . .
[INFO]: The operation took 42.269 s
[INFO]: split.7.fastq DNA dataset shape: (223100, 8129)
[INFO]: split.7.fastq Q score dataset shape: (223100, 8129)
[INFO]: split.7.fastq Peptide dataset shape: (223100, 533)
[INFO]: -----------------------------------------------------------------
[INFO]: Queuing <filter_ambiguous> routine. . .
[INFO]: The operation took 16.413 s
[INFO]: split.7.fastq DNA dataset shape: (223100, 8129)
[INFO]: split.7.fastq Q score dataset shape: (223100, 8129)
[INFO]: split.7.fastq Peptide dataset shape: (223100, 533)
[INFO]: -----------------------------------------------------------------
[INFO]: Queuing <_cr_filter_fuzzy> routine. . .
[INFO]: The operation took 262.187 s
[INFO]: split.7.fastq DNA dataset shape: (76227, 8129)
[INFO]: split.7.fastq Q score dataset shape: (76227, 8129)
[INFO]: split.7.fastq Peptide dataset shape: (76227, 533)
[INFO]: -----------------------------------------------------------------
[INFO]: Queuing <fetch_fuzzy> routine. . .
[INFO]: The operation took 202.568 s
[INFO]: split.7.fastq DNA dataset shape: (76227, 8129)
[INFO]: split.7.fastq Q score dataset shape: (76227, 8129)
[INFO]: split.7.fastq Peptide dataset shape: (76227, 462)
[INFO]: -----------------------------------------------------------------
[INFO]: Queuing <full_count_summary> routine. . .
[INFO]: The operation took 80.539 s
[INFO]: split.7.fastq DNA dataset shape: (76227, 8129)
[INFO]: split.7.fastq Q score dataset shape: (76227, 8129)
[INFO]: split.7.fastq Peptide dataset shape: (76227, 462)
[INFO]: -----------------------------------------------------------------
[INFO]: Queuing <full_count_summary> routine. . .
[INFO]: The operation took 6.158 s
[INFO]: split.7.fastq DNA dataset shape: (76227, 8129)
[INFO]: split.7.fastq Q score dataset shape: (76227, 8129)
[INFO]: split.7.fastq Peptide dataset shape: (76227, 462)
[INFO]: -----------------------------------------------------------------
[INFO]: Queuing <template_breakdown> routine. . .
[INFO]: The operation took 0.004 s
[INFO]: split.7.fastq DNA dataset shape: (76227, 8129)
[INFO]: split.7.fastq Q score dataset shape: (76227, 8129)
[INFO]: split.7.fastq Peptide dataset shape: (76227, 462)
[INFO]: -----------------------------------------------------------------
[INFO]: Queuing <unpad_data> routine. . .
[INFO]: The operation took 2.388 s
[INFO]: split.7.fastq DNA dataset shape: (76227, 2511)
[INFO]: split.7.fastq Q score dataset shape: (76227, 2511)
[INFO]: split.7.fastq Peptide dataset shape: (76227, 462)
[INFO]: -----------------------------------------------------------------
[INFO]: Queuing <save_data> routine. . .
[INFO]: The operation took 0.069 s
[INFO]: split.7.fastq DNA dataset shape: (76227, 2511)
[INFO]: split.7.fastq Q score dataset shape: (76227, 2511)
[INFO]: split.7.fastq Peptide dataset shape: (76227, 462)
[INFO]: -----------------------------------------------------------------
[INFO]: Queuing <template_breakdown> routine. . .
[INFO]: The operation took 0.003 s
[INFO]: split.7.fastq DNA dataset shape: (76227, 2511)
[INFO]: split.7.fastq Q score dataset shape: (76227, 2511)
[INFO]: split.7.fastq Peptide dataset shape: (76227, 462)
[INFO]: -----------------------------------------------------------------
[INFO]: Fetching split.8.fastq.gz. . .
[INFO]: 10 routines appended to pipeline; current queue size: 10
[INFO]: split.8.fastq DNA dataset shape: (223100,)
[INFO]: split.8.fastq Q score dataset shape: (223100,)
[INFO]: split.8.fastq Peptide dataset shape: None
[INFO]: -----------------------------------------------------------------
[INFO]: Queuing <translate_dna> routine. . .
[INFO]: The operation took 34.866 s
[INFO]: split.8.fastq DNA dataset shape: (223100, 4462)
[INFO]: split.8.fastq Q score dataset shape: (223100, 4462)
[INFO]: split.8.fastq Peptide dataset shape: (223100, 528)
[INFO]: -----------------------------------------------------------------
[INFO]: Queuing <filter_ambiguous> routine. . .
[INFO]: The operation took 9.551 s
[INFO]: split.8.fastq DNA dataset shape: (223100, 4462)
[INFO]: split.8.fastq Q score dataset shape: (223100, 4462)
[INFO]: split.8.fastq Peptide dataset shape: (223100, 528)
[INFO]: -----------------------------------------------------------------
[INFO]: Queuing <_cr_filter_fuzzy> routine. . .
[INFO]: The operation took 260.48 s
[INFO]: split.8.fastq DNA dataset shape: (76211, 4462)
[INFO]: split.8.fastq Q score dataset shape: (76211, 4462)
[INFO]: split.8.fastq Peptide dataset shape: (76211, 528)
[INFO]: -----------------------------------------------------------------
[INFO]: Queuing <fetch_fuzzy> routine. . .
[INFO]: The operation took 203.103 s
[INFO]: split.8.fastq DNA dataset shape: (76211, 4462)
[INFO]: split.8.fastq Q score dataset shape: (76211, 4462)
[INFO]: split.8.fastq Peptide dataset shape: (76211, 519)
[INFO]: -----------------------------------------------------------------
[INFO]: Queuing <full_count_summary> routine. . .
[INFO]: The operation took 47.434 s
[INFO]: split.8.fastq DNA dataset shape: (76211, 4462)
[INFO]: split.8.fastq Q score dataset shape: (76211, 4462)
[INFO]: split.8.fastq Peptide dataset shape: (76211, 519)
[INFO]: -----------------------------------------------------------------
[INFO]: Queuing <full_count_summary> routine. . .
[INFO]: The operation took 6.16 s
[INFO]: split.8.fastq DNA dataset shape: (76211, 4462)
[INFO]: split.8.fastq Q score dataset shape: (76211, 4462)
[INFO]: split.8.fastq Peptide dataset shape: (76211, 519)
[INFO]: -----------------------------------------------------------------
[INFO]: Queuing <template_breakdown> routine. . .
[INFO]: The operation took 0.004 s
[INFO]: split.8.fastq DNA dataset shape: (76211, 4462)
[INFO]: split.8.fastq Q score dataset shape: (76211, 4462)
[INFO]: split.8.fastq Peptide dataset shape: (76211, 519)
[INFO]: -----------------------------------------------------------------
[INFO]: Queuing <unpad_data> routine. . .
[INFO]: The operation took 1.393 s
[INFO]: split.8.fastq DNA dataset shape: (76211, 1673)
[INFO]: split.8.fastq Q score dataset shape: (76211, 1673)
[INFO]: split.8.fastq Peptide dataset shape: (76211, 519)
[INFO]: -----------------------------------------------------------------
[INFO]: Queuing <save_data> routine. . .
[INFO]: The operation took 0.076 s
[INFO]: split.8.fastq DNA dataset shape: (76211, 1673)
[INFO]: split.8.fastq Q score dataset shape: (76211, 1673)
[INFO]: split.8.fastq Peptide dataset shape: (76211, 519)
[INFO]: -----------------------------------------------------------------
[INFO]: Queuing <template_breakdown> routine. . .
[INFO]: The operation took 0.003 s
[INFO]: split.8.fastq DNA dataset shape: (76211, 1673)
[INFO]: split.8.fastq Q score dataset shape: (76211, 1673)
[INFO]: split.8.fastq Peptide dataset shape: (76211, 519)
[INFO]: -----------------------------------------------------------------
[INFO]: Fetching split.9.fastq.gz. . .
[INFO]: 10 routines appended to pipeline; current queue size: 10
[INFO]: split.9.fastq DNA dataset shape: (223100,)
[INFO]: split.9.fastq Q score dataset shape: (223100,)
[INFO]: split.9.fastq Peptide dataset shape: None
[INFO]: -----------------------------------------------------------------
[INFO]: Queuing <translate_dna> routine. . .
[INFO]: The operation took 33.337 s
[INFO]: split.9.fastq DNA dataset shape: (223100, 3379)
[INFO]: split.9.fastq Q score dataset shape: (223100, 3379)
[INFO]: split.9.fastq Peptide dataset shape: (223100, 536)
[INFO]: -----------------------------------------------------------------
[INFO]: Queuing <filter_ambiguous> routine. . .
[INFO]: The operation took 7.527 s
[INFO]: split.9.fastq DNA dataset shape: (223100, 3379)
[INFO]: split.9.fastq Q score dataset shape: (223100, 3379)
[INFO]: split.9.fastq Peptide dataset shape: (223100, 536)
[INFO]: -----------------------------------------------------------------
[INFO]: Queuing <_cr_filter_fuzzy> routine. . .
[INFO]: The operation took 261.207 s
[INFO]: split.9.fastq DNA dataset shape: (76290, 3379)
[INFO]: split.9.fastq Q score dataset shape: (76290, 3379)
[INFO]: split.9.fastq Peptide dataset shape: (76290, 536)
[INFO]: -----------------------------------------------------------------
[INFO]: Queuing <fetch_fuzzy> routine. . .
[INFO]: The operation took 203.184 s
[INFO]: split.9.fastq DNA dataset shape: (76290, 3379)
[INFO]: split.9.fastq Q score dataset shape: (76290, 3379)
[INFO]: split.9.fastq Peptide dataset shape: (76290, 456)
[INFO]: -----------------------------------------------------------------
[INFO]: Queuing <full_count_summary> routine. . .
[INFO]: The operation took 36.308 s
[INFO]: split.9.fastq DNA dataset shape: (76290, 3379)
[INFO]: split.9.fastq Q score dataset shape: (76290, 3379)
[INFO]: split.9.fastq Peptide dataset shape: (76290, 456)
[INFO]: -----------------------------------------------------------------
[INFO]: Queuing <full_count_summary> routine. . .
[INFO]: The operation took 5.547 s
[INFO]: split.9.fastq DNA dataset shape: (76290, 3379)
[INFO]: split.9.fastq Q score dataset shape: (76290, 3379)
[INFO]: split.9.fastq Peptide dataset shape: (76290, 456)
[INFO]: -----------------------------------------------------------------
[INFO]: Queuing <template_breakdown> routine. . .
[INFO]: The operation took 0.004 s
[INFO]: split.9.fastq DNA dataset shape: (76290, 3379)
[INFO]: split.9.fastq Q score dataset shape: (76290, 3379)
[INFO]: split.9.fastq Peptide dataset shape: (76290, 456)
[INFO]: -----------------------------------------------------------------
[INFO]: Queuing <unpad_data> routine. . .
[INFO]: The operation took 1.188 s
[INFO]: split.9.fastq DNA dataset shape: (76290, 1667)
[INFO]: split.9.fastq Q score dataset shape: (76290, 1667)
[INFO]: split.9.fastq Peptide dataset shape: (76290, 456)
[INFO]: -----------------------------------------------------------------
[INFO]: Queuing <save_data> routine. . .
[INFO]: The operation took 0.072 s
[INFO]: split.9.fastq DNA dataset shape: (76290, 1667)
[INFO]: split.9.fastq Q score dataset shape: (76290, 1667)
[INFO]: split.9.fastq Peptide dataset shape: (76290, 456)
[INFO]: -----------------------------------------------------------------
[INFO]: Queuing <template_breakdown> routine. . .
[INFO]: The operation took 0.003 s
[INFO]: split.9.fastq DNA dataset shape: (76290, 1667)
[INFO]: split.9.fastq Q score dataset shape: (76290, 1667)
[INFO]: split.9.fastq Peptide dataset shape: (76290, 456)
[INFO]: -----------------------------------------------------------------
[INFO]: Fetching split.10.fastq.gz. . .
[INFO]: 10 routines appended to pipeline; current queue size: 10
[INFO]: split.10.fastq DNA dataset shape: (223100,)
[INFO]: split.10.fastq Q score dataset shape: (223100,)
[INFO]: split.10.fastq Peptide dataset shape: None
[INFO]: -----------------------------------------------------------------
[INFO]: Queuing <translate_dna> routine. . .
[INFO]: The operation took 37.49 s
[INFO]: split.10.fastq DNA dataset shape: (223100, 6261)
[INFO]: split.10.fastq Q score dataset shape: (223100, 6261)
[INFO]: split.10.fastq Peptide dataset shape: (223100, 539)
[INFO]: -----------------------------------------------------------------
[INFO]: Queuing <filter_ambiguous> routine. . .
[INFO]: The operation took 12.92 s
[INFO]: split.10.fastq DNA dataset shape: (223100, 6261)
[INFO]: split.10.fastq Q score dataset shape: (223100, 6261)
[INFO]: split.10.fastq Peptide dataset shape: (223100, 539)
[INFO]: -----------------------------------------------------------------
[INFO]: Queuing <_cr_filter_fuzzy> routine. . .
[INFO]: The operation took 261.845 s
[INFO]: split.10.fastq DNA dataset shape: (76149, 6261)
[INFO]: split.10.fastq Q score dataset shape: (76149, 6261)
[INFO]: split.10.fastq Peptide dataset shape: (76149, 539)
[INFO]: -----------------------------------------------------------------
[INFO]: Queuing <fetch_fuzzy> routine. . .
[INFO]: The operation took 202.983 s
[INFO]: split.10.fastq DNA dataset shape: (76149, 6261)
[INFO]: split.10.fastq Q score dataset shape: (76149, 6261)
[INFO]: split.10.fastq Peptide dataset shape: (76149, 518)
[INFO]: -----------------------------------------------------------------
[INFO]: Queuing <full_count_summary> routine. . .
[INFO]: The operation took 63.106 s
[INFO]: split.10.fastq DNA dataset shape: (76149, 6261)
[INFO]: split.10.fastq Q score dataset shape: (76149, 6261)
[INFO]: split.10.fastq Peptide dataset shape: (76149, 518)
[INFO]: -----------------------------------------------------------------
[INFO]: Queuing <full_count_summary> routine. . .
[INFO]: The operation took 6.223 s
[INFO]: split.10.fastq DNA dataset shape: (76149, 6261)
[INFO]: split.10.fastq Q score dataset shape: (76149, 6261)
[INFO]: split.10.fastq Peptide dataset shape: (76149, 518)
[INFO]: -----------------------------------------------------------------
[INFO]: Queuing <template_breakdown> routine. . .
[INFO]: The operation took 0.003 s
[INFO]: split.10.fastq DNA dataset shape: (76149, 6261)
[INFO]: split.10.fastq Q score dataset shape: (76149, 6261)
[INFO]: split.10.fastq Peptide dataset shape: (76149, 518)
[INFO]: -----------------------------------------------------------------
[INFO]: Queuing <unpad_data> routine. . .
[INFO]: The operation took 2.193 s
[INFO]: split.10.fastq DNA dataset shape: (76149, 3248)
[INFO]: split.10.fastq Q score dataset shape: (76149, 3248)
[INFO]: split.10.fastq Peptide dataset shape: (76149, 518)
[INFO]: -----------------------------------------------------------------
[INFO]: Queuing <save_data> routine. . .
[INFO]: The operation took 0.076 s
[INFO]: split.10.fastq DNA dataset shape: (76149, 3248)
[INFO]: split.10.fastq Q score dataset shape: (76149, 3248)
[INFO]: split.10.fastq Peptide dataset shape: (76149, 518)
[INFO]: -----------------------------------------------------------------
[INFO]: Queuing <template_breakdown> routine. . .
[INFO]: The operation took 0.004 s
[INFO]: split.10.fastq DNA dataset shape: (76149, 3248)
[INFO]: split.10.fastq Q score dataset shape: (76149, 3248)
[INFO]: split.10.fastq Peptide dataset shape: (76149, 518)
[INFO]: -----------------------------------------------------------------
[INFO]: Fetching split.11.fastq.gz. . .
[INFO]: 10 routines appended to pipeline; current queue size: 10
[INFO]: split.11.fastq DNA dataset shape: (223100,)
[INFO]: split.11.fastq Q score dataset shape: (223100,)
[INFO]: split.11.fastq Peptide dataset shape: None
[INFO]: -----------------------------------------------------------------
[INFO]: Queuing <translate_dna> routine. . .
[INFO]: The operation took 35.802 s
[INFO]: split.11.fastq DNA dataset shape: (223100, 5137)
[INFO]: split.11.fastq Q score dataset shape: (223100, 5137)
[INFO]: split.11.fastq Peptide dataset shape: (223100, 524)
[INFO]: -----------------------------------------------------------------
[INFO]: Queuing <filter_ambiguous> routine. . .
[INFO]: The operation took 10.79 s
[INFO]: split.11.fastq DNA dataset shape: (223100, 5137)
[INFO]: split.11.fastq Q score dataset shape: (223100, 5137)
[INFO]: split.11.fastq Peptide dataset shape: (223100, 524)
[INFO]: -----------------------------------------------------------------
[INFO]: Queuing <_cr_filter_fuzzy> routine. . .
[INFO]: The operation took 261.22 s
[INFO]: split.11.fastq DNA dataset shape: (75956, 5137)
[INFO]: split.11.fastq Q score dataset shape: (75956, 5137)
[INFO]: split.11.fastq Peptide dataset shape: (75956, 524)
[INFO]: -----------------------------------------------------------------
[INFO]: Queuing <fetch_fuzzy> routine. . .
[INFO]: The operation took 203.925 s
[INFO]: split.11.fastq DNA dataset shape: (75956, 5137)
[INFO]: split.11.fastq Q score dataset shape: (75956, 5137)
[INFO]: split.11.fastq Peptide dataset shape: (75956, 514)
[INFO]: -----------------------------------------------------------------
[INFO]: Queuing <full_count_summary> routine. . .
[INFO]: The operation took 53.532 s
[INFO]: split.11.fastq DNA dataset shape: (75956, 5137)
[INFO]: split.11.fastq Q score dataset shape: (75956, 5137)
[INFO]: split.11.fastq Peptide dataset shape: (75956, 514)
[INFO]: -----------------------------------------------------------------
[INFO]: Queuing <full_count_summary> routine. . .
[INFO]: The operation took 6.813 s
[INFO]: split.11.fastq DNA dataset shape: (75956, 5137)
[INFO]: split.11.fastq Q score dataset shape: (75956, 5137)
[INFO]: split.11.fastq Peptide dataset shape: (75956, 514)
[INFO]: -----------------------------------------------------------------
[INFO]: Queuing <template_breakdown> routine. . .
[INFO]: The operation took 0.004 s
[INFO]: split.11.fastq DNA dataset shape: (75956, 5137)
[INFO]: split.11.fastq Q score dataset shape: (75956, 5137)
[INFO]: split.11.fastq Peptide dataset shape: (75956, 514)
[INFO]: -----------------------------------------------------------------
[INFO]: Queuing <unpad_data> routine. . .
[INFO]: The operation took 1.742 s
[INFO]: split.11.fastq DNA dataset shape: (75956, 2409)
[INFO]: split.11.fastq Q score dataset shape: (75956, 2409)
[INFO]: split.11.fastq Peptide dataset shape: (75956, 514)
[INFO]: -----------------------------------------------------------------
[INFO]: Queuing <save_data> routine. . .
[INFO]: The operation took 0.075 s
[INFO]: split.11.fastq DNA dataset shape: (75956, 2409)
[INFO]: split.11.fastq Q score dataset shape: (75956, 2409)
[INFO]: split.11.fastq Peptide dataset shape: (75956, 514)
[INFO]: -----------------------------------------------------------------
[INFO]: Queuing <template_breakdown> routine. . .
[INFO]: The operation took 0.003 s
[INFO]: split.11.fastq DNA dataset shape: (75956, 2409)
[INFO]: split.11.fastq Q score dataset shape: (75956, 2409)
[INFO]: split.11.fastq Peptide dataset shape: (75956, 514)
[INFO]: -----------------------------------------------------------------
[INFO]: Fetching split.12.fastq.gz. . .
[INFO]: 10 routines appended to pipeline; current queue size: 10
[INFO]: split.12.fastq DNA dataset shape: (223100,)
[INFO]: split.12.fastq Q score dataset shape: (223100,)
[INFO]: split.12.fastq Peptide dataset shape: None
[INFO]: -----------------------------------------------------------------
[INFO]: Queuing <translate_dna> routine. . .
[INFO]: The operation took 33.248 s
[INFO]: split.12.fastq DNA dataset shape: (223100, 3341)
[INFO]: split.12.fastq Q score dataset shape: (223100, 3341)
[INFO]: split.12.fastq Peptide dataset shape: (223100, 528)
[INFO]: -----------------------------------------------------------------
[INFO]: Queuing <filter_ambiguous> routine. . .
[INFO]: The operation took 7.414 s
[INFO]: split.12.fastq DNA dataset shape: (223100, 3341)
[INFO]: split.12.fastq Q score dataset shape: (223100, 3341)
[INFO]: split.12.fastq Peptide dataset shape: (223100, 528)
[INFO]: -----------------------------------------------------------------
[INFO]: Queuing <_cr_filter_fuzzy> routine. . .
[INFO]: The operation took 260.19 s
[INFO]: split.12.fastq DNA dataset shape: (75765, 3341)
[INFO]: split.12.fastq Q score dataset shape: (75765, 3341)
[INFO]: split.12.fastq Peptide dataset shape: (75765, 528)
[INFO]: -----------------------------------------------------------------
[INFO]: Queuing <fetch_fuzzy> routine. . .
[INFO]: The operation took 203.548 s
[INFO]: split.12.fastq DNA dataset shape: (75765, 3341)
[INFO]: split.12.fastq Q score dataset shape: (75765, 3341)
[INFO]: split.12.fastq Peptide dataset shape: (75765, 510)
[INFO]: -----------------------------------------------------------------
[INFO]: Queuing <full_count_summary> routine. . .
[INFO]: The operation took 35.915 s
[INFO]: split.12.fastq DNA dataset shape: (75765, 3341)
[INFO]: split.12.fastq Q score dataset shape: (75765, 3341)
[INFO]: split.12.fastq Peptide dataset shape: (75765, 510)
[INFO]: -----------------------------------------------------------------
[INFO]: Queuing <full_count_summary> routine. . .
[INFO]: The operation took 5.983 s
[INFO]: split.12.fastq DNA dataset shape: (75765, 3341)
[INFO]: split.12.fastq Q score dataset shape: (75765, 3341)
[INFO]: split.12.fastq Peptide dataset shape: (75765, 510)
[INFO]: -----------------------------------------------------------------
[INFO]: Queuing <template_breakdown> routine. . .
[INFO]: The operation took 0.004 s
[INFO]: split.12.fastq DNA dataset shape: (75765, 3341)
[INFO]: split.12.fastq Q score dataset shape: (75765, 3341)
[INFO]: split.12.fastq Peptide dataset shape: (75765, 510)
[INFO]: -----------------------------------------------------------------
[INFO]: Queuing <unpad_data> routine. . .
[INFO]: The operation took 1.215 s
[INFO]: split.12.fastq DNA dataset shape: (75765, 1649)
[INFO]: split.12.fastq Q score dataset shape: (75765, 1649)
[INFO]: split.12.fastq Peptide dataset shape: (75765, 510)
[INFO]: -----------------------------------------------------------------
[INFO]: Queuing <save_data> routine. . .
[INFO]: The operation took 0.072 s
[INFO]: split.12.fastq DNA dataset shape: (75765, 1649)
[INFO]: split.12.fastq Q score dataset shape: (75765, 1649)
[INFO]: split.12.fastq Peptide dataset shape: (75765, 510)
[INFO]: -----------------------------------------------------------------
[INFO]: Queuing <template_breakdown> routine. . .
[INFO]: The operation took 0.003 s
[INFO]: split.12.fastq DNA dataset shape: (75765, 1649)
[INFO]: split.12.fastq Q score dataset shape: (75765, 1649)
[INFO]: split.12.fastq Peptide dataset shape: (75765, 510)
[INFO]: -----------------------------------------------------------------
[INFO]: Fetching split.13.fastq.gz. . .
[INFO]: 10 routines appended to pipeline; current queue size: 10
[INFO]: split.13.fastq DNA dataset shape: (223100,)
[INFO]: split.13.fastq Q score dataset shape: (223100,)
[INFO]: split.13.fastq Peptide dataset shape: None
[INFO]: -----------------------------------------------------------------
[INFO]: Queuing <translate_dna> routine. . .
[INFO]: The operation took 35.477 s
[INFO]: split.13.fastq DNA dataset shape: (223100, 4908)
[INFO]: split.13.fastq Q score dataset shape: (223100, 4908)
[INFO]: split.13.fastq Peptide dataset shape: (223100, 530)
[INFO]: -----------------------------------------------------------------
[INFO]: Queuing <filter_ambiguous> routine. . .
[INFO]: The operation took 10.309 s
[INFO]: split.13.fastq DNA dataset shape: (223100, 4908)
[INFO]: split.13.fastq Q score dataset shape: (223100, 4908)
[INFO]: split.13.fastq Peptide dataset shape: (223100, 530)
[INFO]: -----------------------------------------------------------------
[INFO]: Queuing <_cr_filter_fuzzy> routine. . .
[INFO]: The operation took 261.787 s
[INFO]: split.13.fastq DNA dataset shape: (76078, 4908)
[INFO]: split.13.fastq Q score dataset shape: (76078, 4908)
[INFO]: split.13.fastq Peptide dataset shape: (76078, 530)
[INFO]: -----------------------------------------------------------------
[INFO]: Queuing <fetch_fuzzy> routine. . .
[INFO]: The operation took 203.361 s
[INFO]: split.13.fastq DNA dataset shape: (76078, 4908)
[INFO]: split.13.fastq Q score dataset shape: (76078, 4908)
[INFO]: split.13.fastq Peptide dataset shape: (76078, 529)
[INFO]: -----------------------------------------------------------------
[INFO]: Queuing <full_count_summary> routine. . .
[INFO]: The operation took 51.304 s
[INFO]: split.13.fastq DNA dataset shape: (76078, 4908)
[INFO]: split.13.fastq Q score dataset shape: (76078, 4908)
[INFO]: split.13.fastq Peptide dataset shape: (76078, 529)
[INFO]: -----------------------------------------------------------------
[INFO]: Queuing <full_count_summary> routine. . .
[INFO]: The operation took 6.358 s
[INFO]: split.13.fastq DNA dataset shape: (76078, 4908)
[INFO]: split.13.fastq Q score dataset shape: (76078, 4908)
[INFO]: split.13.fastq Peptide dataset shape: (76078, 529)
[INFO]: -----------------------------------------------------------------
[INFO]: Queuing <template_breakdown> routine. . .
[INFO]: The operation took 0.003 s
[INFO]: split.13.fastq DNA dataset shape: (76078, 4908)
[INFO]: split.13.fastq Q score dataset shape: (76078, 4908)
[INFO]: split.13.fastq Peptide dataset shape: (76078, 529)
[INFO]: -----------------------------------------------------------------
[INFO]: Queuing <unpad_data> routine. . .
[INFO]: The operation took 1.57 s
[INFO]: split.13.fastq DNA dataset shape: (76078, 2393)
[INFO]: split.13.fastq Q score dataset shape: (76078, 2393)
[INFO]: split.13.fastq Peptide dataset shape: (76078, 529)
[INFO]: -----------------------------------------------------------------
[INFO]: Queuing <save_data> routine. . .
[INFO]: The operation took 0.072 s
[INFO]: split.13.fastq DNA dataset shape: (76078, 2393)
[INFO]: split.13.fastq Q score dataset shape: (76078, 2393)
[INFO]: split.13.fastq Peptide dataset shape: (76078, 529)
[INFO]: -----------------------------------------------------------------
[INFO]: Queuing <template_breakdown> routine. . .
[INFO]: The operation took 0.003 s
[INFO]: split.13.fastq DNA dataset shape: (76078, 2393)
[INFO]: split.13.fastq Q score dataset shape: (76078, 2393)
[INFO]: split.13.fastq Peptide dataset shape: (76078, 529)
[INFO]: -----------------------------------------------------------------
[INFO]: Fetching split.14.fastq.gz. . .
[INFO]: 10 routines appended to pipeline; current queue size: 10
[INFO]: split.14.fastq DNA dataset shape: (223065,)
[INFO]: split.14.fastq Q score dataset shape: (223065,)
[INFO]: split.14.fastq Peptide dataset shape: None
[INFO]: -----------------------------------------------------------------
[INFO]: Queuing <translate_dna> routine. . .
[INFO]: The operation took 46.754 s
[INFO]: split.14.fastq DNA dataset shape: (223065, 10216)
[INFO]: split.14.fastq Q score dataset shape: (223065, 10216)
[INFO]: split.14.fastq Peptide dataset shape: (223065, 529)
[INFO]: -----------------------------------------------------------------
[INFO]: Queuing <filter_ambiguous> routine. . .
[INFO]: The operation took 26.512 s
[INFO]: split.14.fastq DNA dataset shape: (223065, 10216)
[INFO]: split.14.fastq Q score dataset shape: (223065, 10216)
[INFO]: split.14.fastq Peptide dataset shape: (223065, 529)
[INFO]: -----------------------------------------------------------------
[INFO]: Queuing <_cr_filter_fuzzy> routine. . .
[INFO]: The operation took 261.634 s
[INFO]: split.14.fastq DNA dataset shape: (76057, 10216)
[INFO]: split.14.fastq Q score dataset shape: (76057, 10216)
[INFO]: split.14.fastq Peptide dataset shape: (76057, 529)
[INFO]: -----------------------------------------------------------------
[INFO]: Queuing <fetch_fuzzy> routine. . .
[INFO]: The operation took 202.43 s
[INFO]: split.14.fastq DNA dataset shape: (76057, 10216)
[INFO]: split.14.fastq Q score dataset shape: (76057, 10216)
[INFO]: split.14.fastq Peptide dataset shape: (76057, 405)
[INFO]: -----------------------------------------------------------------
[INFO]: Queuing <full_count_summary> routine. . .
[INFO]: The operation took 96.219 s
[INFO]: split.14.fastq DNA dataset shape: (76057, 10216)
[INFO]: split.14.fastq Q score dataset shape: (76057, 10216)
[INFO]: split.14.fastq Peptide dataset shape: (76057, 405)
[INFO]: -----------------------------------------------------------------
[INFO]: Queuing <full_count_summary> routine. . .
[INFO]: The operation took 5.157 s
[INFO]: split.14.fastq DNA dataset shape: (76057, 10216)
[INFO]: split.14.fastq Q score dataset shape: (76057, 10216)
[INFO]: split.14.fastq Peptide dataset shape: (76057, 405)
[INFO]: -----------------------------------------------------------------
[INFO]: Queuing <template_breakdown> routine. . .
[INFO]: The operation took 0.005 s
[INFO]: split.14.fastq DNA dataset shape: (76057, 10216)
[INFO]: split.14.fastq Q score dataset shape: (76057, 10216)
[INFO]: split.14.fastq Peptide dataset shape: (76057, 405)
[INFO]: -----------------------------------------------------------------
[INFO]: Queuing <unpad_data> routine. . .
[INFO]: The operation took 2.595 s
[INFO]: split.14.fastq DNA dataset shape: (76057, 2389)
[INFO]: split.14.fastq Q score dataset shape: (76057, 2389)
[INFO]: split.14.fastq Peptide dataset shape: (76057, 405)
[INFO]: -----------------------------------------------------------------
[INFO]: Queuing <save_data> routine. . .
[INFO]: The operation took 0.063 s
[INFO]: split.14.fastq DNA dataset shape: (76057, 2389)
[INFO]: split.14.fastq Q score dataset shape: (76057, 2389)
[INFO]: split.14.fastq Peptide dataset shape: (76057, 405)
[INFO]: -----------------------------------------------------------------
[INFO]: Queuing <template_breakdown> routine. . .
[INFO]: The operation took 0.004 s
[INFO]: split.14.fastq DNA dataset shape: (76057, 2389)
[INFO]: split.14.fastq Q score dataset shape: (76057, 2389)
[INFO]: split.14.fastq Peptide dataset shape: (76057, 405)
[INFO]: -----------------------------------------------------------------
[INFO]: Fetching split.15.fastq.gz. . .
[INFO]: 10 routines appended to pipeline; current queue size: 10
[INFO]: split.15.fastq DNA dataset shape: (223000,)
[INFO]: split.15.fastq Q score dataset shape: (223000,)
[INFO]: split.15.fastq Peptide dataset shape: None
[INFO]: -----------------------------------------------------------------
[INFO]: Queuing <translate_dna> routine. . .
[INFO]: The operation took 39.329 s
[INFO]: split.15.fastq DNA dataset shape: (223000, 7002)
[INFO]: split.15.fastq Q score dataset shape: (223000, 7002)
[INFO]: split.15.fastq Peptide dataset shape: (223000, 530)
[INFO]: -----------------------------------------------------------------
[INFO]: Queuing <filter_ambiguous> routine. . .
[INFO]: The operation took 14.636 s
[INFO]: split.15.fastq DNA dataset shape: (223000, 7002)
[INFO]: split.15.fastq Q score dataset shape: (223000, 7002)
[INFO]: split.15.fastq Peptide dataset shape: (223000, 530)
[INFO]: -----------------------------------------------------------------
[INFO]: Queuing <_cr_filter_fuzzy> routine. . .
[INFO]: The operation took 262.855 s
[INFO]: split.15.fastq DNA dataset shape: (76271, 7002)
[INFO]: split.15.fastq Q score dataset shape: (76271, 7002)
[INFO]: split.15.fastq Peptide dataset shape: (76271, 530)
[INFO]: -----------------------------------------------------------------
[INFO]: Queuing <fetch_fuzzy> routine. . .
[INFO]: The operation took 204.139 s
[INFO]: split.15.fastq DNA dataset shape: (76271, 7002)
[INFO]: split.15.fastq Q score dataset shape: (76271, 7002)
[INFO]: split.15.fastq Peptide dataset shape: (76271, 444)
[INFO]: -----------------------------------------------------------------
[INFO]: Queuing <full_count_summary> routine. . .
[INFO]: The operation took 69.225 s
[INFO]: split.15.fastq DNA dataset shape: (76271, 7002)
[INFO]: split.15.fastq Q score dataset shape: (76271, 7002)
[INFO]: split.15.fastq Peptide dataset shape: (76271, 444)
[INFO]: -----------------------------------------------------------------
[INFO]: Queuing <full_count_summary> routine. . .
[INFO]: The operation took 5.89 s
[INFO]: split.15.fastq DNA dataset shape: (76271, 7002)
[INFO]: split.15.fastq Q score dataset shape: (76271, 7002)
[INFO]: split.15.fastq Peptide dataset shape: (76271, 444)
[INFO]: -----------------------------------------------------------------
[INFO]: Queuing <template_breakdown> routine. . .
[INFO]: The operation took 0.003 s
[INFO]: split.15.fastq DNA dataset shape: (76271, 7002)
[INFO]: split.15.fastq Q score dataset shape: (76271, 7002)
[INFO]: split.15.fastq Peptide dataset shape: (76271, 444)
[INFO]: -----------------------------------------------------------------
[INFO]: Queuing <unpad_data> routine. . .
[INFO]: The operation took 2.028 s
[INFO]: split.15.fastq DNA dataset shape: (76271, 2484)
[INFO]: split.15.fastq Q score dataset shape: (76271, 2484)
[INFO]: split.15.fastq Peptide dataset shape: (76271, 444)
[INFO]: -----------------------------------------------------------------
[INFO]: Queuing <save_data> routine. . .
[INFO]: The operation took 0.068 s
[INFO]: split.15.fastq DNA dataset shape: (76271, 2484)
[INFO]: split.15.fastq Q score dataset shape: (76271, 2484)
[INFO]: split.15.fastq Peptide dataset shape: (76271, 444)
[INFO]: -----------------------------------------------------------------
[INFO]: Queuing <template_breakdown> routine. . .
[INFO]: The operation took 0.003 s
[INFO]: split.15.fastq DNA dataset shape: (76271, 2484)
[INFO]: split.15.fastq Q score dataset shape: (76271, 2484)
[INFO]: split.15.fastq Peptide dataset shape: (76271, 444)
[INFO]: -----------------------------------------------------------------
[INFO]: Fetching split.16.fastq.gz. . .
[INFO]: 10 routines appended to pipeline; current queue size: 10
[INFO]: split.16.fastq DNA dataset shape: (223000,)
[INFO]: split.16.fastq Q score dataset shape: (223000,)
[INFO]: split.16.fastq Peptide dataset shape: None
[INFO]: -----------------------------------------------------------------
[INFO]: Queuing <translate_dna> routine. . .
[INFO]: The operation took 39.363 s
[INFO]: split.16.fastq DNA dataset shape: (223000, 7121)
[INFO]: split.16.fastq Q score dataset shape: (223000, 7121)
[INFO]: split.16.fastq Peptide dataset shape: (223000, 535)
[INFO]: -----------------------------------------------------------------
[INFO]: Queuing <filter_ambiguous> routine. . .
[INFO]: The operation took 14.555 s
[INFO]: split.16.fastq DNA dataset shape: (223000, 7121)
[INFO]: split.16.fastq Q score dataset shape: (223000, 7121)
[INFO]: split.16.fastq Peptide dataset shape: (223000, 535)
[INFO]: -----------------------------------------------------------------
[INFO]: Queuing <_cr_filter_fuzzy> routine. . .
[INFO]: The operation took 259.824 s
[INFO]: split.16.fastq DNA dataset shape: (75899, 7121)
[INFO]: split.16.fastq Q score dataset shape: (75899, 7121)
[INFO]: split.16.fastq Peptide dataset shape: (75899, 535)
[INFO]: -----------------------------------------------------------------
[INFO]: Queuing <fetch_fuzzy> routine. . .
[INFO]: The operation took 203.738 s
[INFO]: split.16.fastq DNA dataset shape: (75899, 7121)
[INFO]: split.16.fastq Q score dataset shape: (75899, 7121)
[INFO]: split.16.fastq Peptide dataset shape: (75899, 513)
[INFO]: -----------------------------------------------------------------
[INFO]: Queuing <full_count_summary> routine. . .
[INFO]: The operation took 69.718 s
[INFO]: split.16.fastq DNA dataset shape: (75899, 7121)
[INFO]: split.16.fastq Q score dataset shape: (75899, 7121)
[INFO]: split.16.fastq Peptide dataset shape: (75899, 513)
[INFO]: -----------------------------------------------------------------
[INFO]: Queuing <full_count_summary> routine. . .
[INFO]: The operation took 6.29 s
[INFO]: split.16.fastq DNA dataset shape: (75899, 7121)
[INFO]: split.16.fastq Q score dataset shape: (75899, 7121)
[INFO]: split.16.fastq Peptide dataset shape: (75899, 513)
[INFO]: -----------------------------------------------------------------
[INFO]: Queuing <template_breakdown> routine. . .
[INFO]: The operation took 0.004 s
[INFO]: split.16.fastq DNA dataset shape: (75899, 7121)
[INFO]: split.16.fastq Q score dataset shape: (75899, 7121)
[INFO]: split.16.fastq Peptide dataset shape: (75899, 513)
[INFO]: -----------------------------------------------------------------
[INFO]: Queuing <unpad_data> routine. . .
[INFO]: The operation took 2.152 s
[INFO]: split.16.fastq DNA dataset shape: (75899, 2471)
[INFO]: split.16.fastq Q score dataset shape: (75899, 2471)
[INFO]: split.16.fastq Peptide dataset shape: (75899, 513)
[INFO]: -----------------------------------------------------------------
[INFO]: Queuing <save_data> routine. . .
[INFO]: The operation took 0.074 s
[INFO]: split.16.fastq DNA dataset shape: (75899, 2471)
[INFO]: split.16.fastq Q score dataset shape: (75899, 2471)
[INFO]: split.16.fastq Peptide dataset shape: (75899, 513)
[INFO]: -----------------------------------------------------------------
[INFO]: Queuing <template_breakdown> routine. . .
[INFO]: The operation took 0.004 s
[INFO]: split.16.fastq DNA dataset shape: (75899, 2471)
[INFO]: split.16.fastq Q score dataset shape: (75899, 2471)
[INFO]: split.16.fastq Peptide dataset shape: (75899, 513)
[INFO]: -----------------------------------------------------------------
[INFO]: Fetching split.17.fastq.gz. . .
[INFO]: 10 routines appended to pipeline; current queue size: 10
[INFO]: split.17.fastq DNA dataset shape: (223000,)
[INFO]: split.17.fastq Q score dataset shape: (223000,)
[INFO]: split.17.fastq Peptide dataset shape: None
[INFO]: -----------------------------------------------------------------
[INFO]: Queuing <translate_dna> routine. . .
[INFO]: The operation took 33.59 s
[INFO]: split.17.fastq DNA dataset shape: (223000, 3370)
[INFO]: split.17.fastq Q score dataset shape: (223000, 3370)
[INFO]: split.17.fastq Peptide dataset shape: (223000, 526)
[INFO]: -----------------------------------------------------------------
[INFO]: Queuing <filter_ambiguous> routine. . .
[INFO]: The operation took 7.441 s
[INFO]: split.17.fastq DNA dataset shape: (223000, 3370)
[INFO]: split.17.fastq Q score dataset shape: (223000, 3370)
[INFO]: split.17.fastq Peptide dataset shape: (223000, 526)
[INFO]: -----------------------------------------------------------------
[INFO]: Queuing <_cr_filter_fuzzy> routine. . .
[INFO]: The operation took 260.254 s
[INFO]: split.17.fastq DNA dataset shape: (76238, 3370)
[INFO]: split.17.fastq Q score dataset shape: (76238, 3370)
[INFO]: split.17.fastq Peptide dataset shape: (76238, 526)
[INFO]: -----------------------------------------------------------------
[INFO]: Queuing <fetch_fuzzy> routine. . .
[INFO]: The operation took 202.216 s
[INFO]: split.17.fastq DNA dataset shape: (76238, 3370)
[INFO]: split.17.fastq Q score dataset shape: (76238, 3370)
[INFO]: split.17.fastq Peptide dataset shape: (76238, 519)
[INFO]: -----------------------------------------------------------------
[INFO]: Queuing <full_count_summary> routine. . .
[INFO]: The operation took 37.573 s
[INFO]: split.17.fastq DNA dataset shape: (76238, 3370)
[INFO]: split.17.fastq Q score dataset shape: (76238, 3370)
[INFO]: split.17.fastq Peptide dataset shape: (76238, 519)
[INFO]: -----------------------------------------------------------------
[INFO]: Queuing <full_count_summary> routine. . .
[INFO]: The operation took 6.815 s
[INFO]: split.17.fastq DNA dataset shape: (76238, 3370)
[INFO]: split.17.fastq Q score dataset shape: (76238, 3370)
[INFO]: split.17.fastq Peptide dataset shape: (76238, 519)
[INFO]: -----------------------------------------------------------------
[INFO]: Queuing <template_breakdown> routine. . .
[INFO]: The operation took 0.004 s
[INFO]: split.17.fastq DNA dataset shape: (76238, 3370)
[INFO]: split.17.fastq Q score dataset shape: (76238, 3370)
[INFO]: split.17.fastq Peptide dataset shape: (76238, 519)
[INFO]: -----------------------------------------------------------------
[INFO]: Queuing <unpad_data> routine. . .
[INFO]: The operation took 1.352 s
[INFO]: split.17.fastq DNA dataset shape: (76238, 2450)
[INFO]: split.17.fastq Q score dataset shape: (76238, 2450)
[INFO]: split.17.fastq Peptide dataset shape: (76238, 519)
[INFO]: -----------------------------------------------------------------
[INFO]: Queuing <save_data> routine. . .
[INFO]: The operation took 0.072 s
[INFO]: split.17.fastq DNA dataset shape: (76238, 2450)
[INFO]: split.17.fastq Q score dataset shape: (76238, 2450)
[INFO]: split.17.fastq Peptide dataset shape: (76238, 519)
[INFO]: -----------------------------------------------------------------
[INFO]: Queuing <template_breakdown> routine. . .
[INFO]: The operation took 0.003 s
[INFO]: split.17.fastq DNA dataset shape: (76238, 2450)
[INFO]: split.17.fastq Q score dataset shape: (76238, 2450)
[INFO]: split.17.fastq Peptide dataset shape: (76238, 519)
[INFO]: -----------------------------------------------------------------
[INFO]: Fetching split.18.fastq.gz. . .
[INFO]: 10 routines appended to pipeline; current queue size: 10
[INFO]: split.18.fastq DNA dataset shape: (223000,)
[INFO]: split.18.fastq Q score dataset shape: (223000,)
[INFO]: split.18.fastq Peptide dataset shape: None
[INFO]: -----------------------------------------------------------------
[INFO]: Queuing <translate_dna> routine. . .
[INFO]: The operation took 33.424 s
[INFO]: split.18.fastq DNA dataset shape: (223000, 3280)
[INFO]: split.18.fastq Q score dataset shape: (223000, 3280)
[INFO]: split.18.fastq Peptide dataset shape: (223000, 525)
[INFO]: -----------------------------------------------------------------
[INFO]: Queuing <filter_ambiguous> routine. . .
[INFO]: The operation took 7.297 s
[INFO]: split.18.fastq DNA dataset shape: (223000, 3280)
[INFO]: split.18.fastq Q score dataset shape: (223000, 3280)
[INFO]: split.18.fastq Peptide dataset shape: (223000, 525)
[INFO]: -----------------------------------------------------------------
[INFO]: Queuing <_cr_filter_fuzzy> routine. . .
[INFO]: The operation took 261.121 s
[INFO]: split.18.fastq DNA dataset shape: (76237, 3280)
[INFO]: split.18.fastq Q score dataset shape: (76237, 3280)
[INFO]: split.18.fastq Peptide dataset shape: (76237, 525)
[INFO]: -----------------------------------------------------------------
[INFO]: Queuing <fetch_fuzzy> routine. . .
[INFO]: The operation took 202.062 s
[INFO]: split.18.fastq DNA dataset shape: (76237, 3280)
[INFO]: split.18.fastq Q score dataset shape: (76237, 3280)
[INFO]: split.18.fastq Peptide dataset shape: (76237, 517)
[INFO]: -----------------------------------------------------------------
[INFO]: Queuing <full_count_summary> routine. . .
[INFO]: The operation took 36.444 s
[INFO]: split.18.fastq DNA dataset shape: (76237, 3280)
[INFO]: split.18.fastq Q score dataset shape: (76237, 3280)
[INFO]: split.18.fastq Peptide dataset shape: (76237, 517)
[INFO]: -----------------------------------------------------------------
[INFO]: Queuing <full_count_summary> routine. . .
[INFO]: The operation took 6.155 s
[INFO]: split.18.fastq DNA dataset shape: (76237, 3280)
[INFO]: split.18.fastq Q score dataset shape: (76237, 3280)
[INFO]: split.18.fastq Peptide dataset shape: (76237, 517)
[INFO]: -----------------------------------------------------------------
[INFO]: Queuing <template_breakdown> routine. . .
[INFO]: The operation took 0.004 s
[INFO]: split.18.fastq DNA dataset shape: (76237, 3280)
[INFO]: split.18.fastq Q score dataset shape: (76237, 3280)
[INFO]: split.18.fastq Peptide dataset shape: (76237, 517)
[INFO]: -----------------------------------------------------------------
[INFO]: Queuing <unpad_data> routine. . .
[INFO]: The operation took 1.204 s
[INFO]: split.18.fastq DNA dataset shape: (76237, 2498)
[INFO]: split.18.fastq Q score dataset shape: (76237, 2498)
[INFO]: split.18.fastq Peptide dataset shape: (76237, 517)
[INFO]: -----------------------------------------------------------------
[INFO]: Queuing <save_data> routine. . .
[INFO]: The operation took 0.072 s
[INFO]: split.18.fastq DNA dataset shape: (76237, 2498)
[INFO]: split.18.fastq Q score dataset shape: (76237, 2498)
[INFO]: split.18.fastq Peptide dataset shape: (76237, 517)
[INFO]: -----------------------------------------------------------------
[INFO]: Queuing <template_breakdown> routine. . .
[INFO]: The operation took 0.003 s
[INFO]: split.18.fastq DNA dataset shape: (76237, 2498)
[INFO]: split.18.fastq Q score dataset shape: (76237, 2498)
[INFO]: split.18.fastq Peptide dataset shape: (76237, 517)
[INFO]: -----------------------------------------------------------------
[INFO]: Fetching split.19.fastq.gz. . .
[INFO]: 10 routines appended to pipeline; current queue size: 10
[INFO]: split.19.fastq DNA dataset shape: (223000,)
[INFO]: split.19.fastq Q score dataset shape: (223000,)
[INFO]: split.19.fastq Peptide dataset shape: None
[INFO]: -----------------------------------------------------------------
[INFO]: Queuing <translate_dna> routine. . .
[INFO]: The operation took 33.134 s
[INFO]: split.19.fastq DNA dataset shape: (223000, 3196)
[INFO]: split.19.fastq Q score dataset shape: (223000, 3196)
[INFO]: split.19.fastq Peptide dataset shape: (223000, 530)
[INFO]: -----------------------------------------------------------------
[INFO]: Queuing <filter_ambiguous> routine. . .
[INFO]: The operation took 7.087 s
[INFO]: split.19.fastq DNA dataset shape: (223000, 3196)
[INFO]: split.19.fastq Q score dataset shape: (223000, 3196)
[INFO]: split.19.fastq Peptide dataset shape: (223000, 530)
[INFO]: -----------------------------------------------------------------
[INFO]: Queuing <_cr_filter_fuzzy> routine. . .
[INFO]: The operation took 259.832 s
[INFO]: split.19.fastq DNA dataset shape: (75745, 3196)
[INFO]: split.19.fastq Q score dataset shape: (75745, 3196)
[INFO]: split.19.fastq Peptide dataset shape: (75745, 530)
[INFO]: -----------------------------------------------------------------
[INFO]: Queuing <fetch_fuzzy> routine. . .
[INFO]: The operation took 201.115 s
[INFO]: split.19.fastq DNA dataset shape: (75745, 3196)
[INFO]: split.19.fastq Q score dataset shape: (75745, 3196)
[INFO]: split.19.fastq Peptide dataset shape: (75745, 530)
[INFO]: -----------------------------------------------------------------
[INFO]: Queuing <full_count_summary> routine. . .
[INFO]: The operation took 35.123 s
[INFO]: split.19.fastq DNA dataset shape: (75745, 3196)
[INFO]: split.19.fastq Q score dataset shape: (75745, 3196)
[INFO]: split.19.fastq Peptide dataset shape: (75745, 530)
[INFO]: -----------------------------------------------------------------
[INFO]: Queuing <full_count_summary> routine. . .
[INFO]: The operation took 6.167 s
[INFO]: split.19.fastq DNA dataset shape: (75745, 3196)
[INFO]: split.19.fastq Q score dataset shape: (75745, 3196)
[INFO]: split.19.fastq Peptide dataset shape: (75745, 530)
[INFO]: -----------------------------------------------------------------
[INFO]: Queuing <template_breakdown> routine. . .
[INFO]: The operation took 0.004 s
[INFO]: split.19.fastq DNA dataset shape: (75745, 3196)
[INFO]: split.19.fastq Q score dataset shape: (75745, 3196)
[INFO]: split.19.fastq Peptide dataset shape: (75745, 530)
[INFO]: -----------------------------------------------------------------
[INFO]: Queuing <unpad_data> routine. . .
[INFO]: The operation took 1.072 s
[INFO]: split.19.fastq DNA dataset shape: (75745, 1656)
[INFO]: split.19.fastq Q score dataset shape: (75745, 1656)
[INFO]: split.19.fastq Peptide dataset shape: (75745, 530)
[INFO]: -----------------------------------------------------------------
[INFO]: Queuing <save_data> routine. . .
[INFO]: The operation took 0.07 s
[INFO]: split.19.fastq DNA dataset shape: (75745, 1656)
[INFO]: split.19.fastq Q score dataset shape: (75745, 1656)
[INFO]: split.19.fastq Peptide dataset shape: (75745, 530)
[INFO]: -----------------------------------------------------------------
[INFO]: Queuing <template_breakdown> routine. . .
[INFO]: The operation took 0.003 s
[INFO]: split.19.fastq DNA dataset shape: (75745, 1656)
[INFO]: split.19.fastq Q score dataset shape: (75745, 1656)
[INFO]: split.19.fastq Peptide dataset shape: (75745, 530)
[INFO]: -----------------------------------------------------------------
[INFO]: Fetching split.20.fastq.gz. . .
[INFO]: 10 routines appended to pipeline; current queue size: 10
[INFO]: split.20.fastq DNA dataset shape: (223000,)
[INFO]: split.20.fastq Q score dataset shape: (223000,)
[INFO]: split.20.fastq Peptide dataset shape: None
[INFO]: -----------------------------------------------------------------
[INFO]: Queuing <translate_dna> routine. . .
[INFO]: The operation took 33.627 s
[INFO]: split.20.fastq DNA dataset shape: (223000, 3355)
[INFO]: split.20.fastq Q score dataset shape: (223000, 3355)
[INFO]: split.20.fastq Peptide dataset shape: (223000, 535)
[INFO]: -----------------------------------------------------------------
[INFO]: Queuing <filter_ambiguous> routine. . .
[INFO]: The operation took 7.397 s
[INFO]: split.20.fastq DNA dataset shape: (223000, 3355)
[INFO]: split.20.fastq Q score dataset shape: (223000, 3355)
[INFO]: split.20.fastq Peptide dataset shape: (223000, 535)
[INFO]: -----------------------------------------------------------------
[INFO]: Queuing <_cr_filter_fuzzy> routine. . .
[INFO]: The operation took 260.562 s
[INFO]: split.20.fastq DNA dataset shape: (76055, 3355)
[INFO]: split.20.fastq Q score dataset shape: (76055, 3355)
[INFO]: split.20.fastq Peptide dataset shape: (76055, 535)
[INFO]: -----------------------------------------------------------------
[INFO]: Queuing <fetch_fuzzy> routine. . .
[INFO]: The operation took 204.175 s
[INFO]: split.20.fastq DNA dataset shape: (76055, 3355)
[INFO]: split.20.fastq Q score dataset shape: (76055, 3355)
[INFO]: split.20.fastq Peptide dataset shape: (76055, 522)
[INFO]: -----------------------------------------------------------------
[INFO]: Queuing <full_count_summary> routine. . .
[INFO]: The operation took 36.875 s
[INFO]: split.20.fastq DNA dataset shape: (76055, 3355)
[INFO]: split.20.fastq Q score dataset shape: (76055, 3355)
[INFO]: split.20.fastq Peptide dataset shape: (76055, 522)
[INFO]: -----------------------------------------------------------------
[INFO]: Queuing <full_count_summary> routine. . .
[INFO]: The operation took 6.101 s
[INFO]: split.20.fastq DNA dataset shape: (76055, 3355)
[INFO]: split.20.fastq Q score dataset shape: (76055, 3355)
[INFO]: split.20.fastq Peptide dataset shape: (76055, 522)
[INFO]: -----------------------------------------------------------------
[INFO]: Queuing <template_breakdown> routine. . .
[INFO]: The operation took 0.004 s
[INFO]: split.20.fastq DNA dataset shape: (76055, 3355)
[INFO]: split.20.fastq Q score dataset shape: (76055, 3355)
[INFO]: split.20.fastq Peptide dataset shape: (76055, 522)
[INFO]: -----------------------------------------------------------------
[INFO]: Queuing <unpad_data> routine. . .
[INFO]: The operation took 1.205 s
[INFO]: split.20.fastq DNA dataset shape: (76055, 1647)
[INFO]: split.20.fastq Q score dataset shape: (76055, 1647)
[INFO]: split.20.fastq Peptide dataset shape: (76055, 522)
[INFO]: -----------------------------------------------------------------
[INFO]: Queuing <save_data> routine. . .
[INFO]: The operation took 0.069 s
[INFO]: split.20.fastq DNA dataset shape: (76055, 1647)
[INFO]: split.20.fastq Q score dataset shape: (76055, 1647)
[INFO]: split.20.fastq Peptide dataset shape: (76055, 522)
[INFO]: -----------------------------------------------------------------
[INFO]: Queuing <template_breakdown> routine. . .
[INFO]: The operation took 0.003 s
[INFO]: split.20.fastq DNA dataset shape: (76055, 1647)
[INFO]: split.20.fastq Q score dataset shape: (76055, 1647)
[INFO]: split.20.fastq Peptide dataset shape: (76055, 522)
[INFO]: -----------------------------------------------------------------
[INFO]: The following handler was succesfully initialized: <Pipeline object; current queue size: 0 routine(s)>
[INFO]: The following handler was succesfully initialized: <FastqParser object>
[INFO]: Fetching split.1.fastq.gz. . .
[INFO]: 11 routines appended to pipeline; current queue size: 11
[INFO]: split.1.fastq DNA dataset shape: (223100,)
[INFO]: split.1.fastq Q score dataset shape: (223100,)
[INFO]: split.1.fastq Peptide dataset shape: None
[INFO]: -----------------------------------------------------------------
[INFO]: Queuing <revcom_data> routine. . .
[INFO]: The operation took 5.921 s
[INFO]: split.1.fastq DNA dataset shape: (223100,)
[INFO]: split.1.fastq Q score dataset shape: (223100,)
[INFO]: split.1.fastq Peptide dataset shape: None
[INFO]: -----------------------------------------------------------------
[INFO]: Queuing <translate_dna> routine. . .
[INFO]: The operation took 50.91 s
[INFO]: split.1.fastq DNA dataset shape: (223100, 10457)
[INFO]: split.1.fastq Q score dataset shape: (223100, 10457)
[INFO]: split.1.fastq Peptide dataset shape: (223100, 534)
[INFO]: -----------------------------------------------------------------
[INFO]: Queuing <filter_ambiguous> routine. . .
[INFO]: The operation took 27.84 s
[INFO]: split.1.fastq DNA dataset shape: (223100, 10457)
[INFO]: split.1.fastq Q score dataset shape: (223100, 10457)
[INFO]: split.1.fastq Peptide dataset shape: (223100, 534)
[INFO]: -----------------------------------------------------------------
[INFO]: Queuing <_cr_filter_fuzzy> routine. . .
[INFO]: The operation took 241.04 s
[INFO]: split.1.fastq DNA dataset shape: (68704, 10457)
[INFO]: split.1.fastq Q score dataset shape: (68704, 10457)
[INFO]: split.1.fastq Peptide dataset shape: (68704, 534)
[INFO]: -----------------------------------------------------------------
[INFO]: Queuing <fetch_fuzzy> routine. . .
[INFO]: The operation took 181.83 s
[INFO]: split.1.fastq DNA dataset shape: (68704, 10457)
[INFO]: split.1.fastq Q score dataset shape: (68704, 10457)
[INFO]: split.1.fastq Peptide dataset shape: (68704, 518)
[INFO]: -----------------------------------------------------------------
[INFO]: Queuing <full_count_summary> routine. . .
[INFO]: The operation took 82.643 s
[INFO]: split.1.fastq DNA dataset shape: (68704, 10457)
[INFO]: split.1.fastq Q score dataset shape: (68704, 10457)
[INFO]: split.1.fastq Peptide dataset shape: (68704, 518)
[INFO]: -----------------------------------------------------------------
[INFO]: Queuing <full_count_summary> routine. . .
[INFO]: The operation took 5.156 s
[INFO]: split.1.fastq DNA dataset shape: (68704, 10457)
[INFO]: split.1.fastq Q score dataset shape: (68704, 10457)
[INFO]: split.1.fastq Peptide dataset shape: (68704, 518)
[INFO]: -----------------------------------------------------------------
[INFO]: Queuing <template_breakdown> routine. . .
[INFO]: The operation took 0.033 s
[INFO]: split.1.fastq DNA dataset shape: (68704, 10457)
[INFO]: split.1.fastq Q score dataset shape: (68704, 10457)
[INFO]: split.1.fastq Peptide dataset shape: (68704, 518)
[INFO]: -----------------------------------------------------------------
[INFO]: Queuing <unpad_data> routine. . .
[INFO]: The operation took 2.347 s
[INFO]: split.1.fastq DNA dataset shape: (68704, 1661)
[INFO]: split.1.fastq Q score dataset shape: (68704, 1661)
[INFO]: split.1.fastq Peptide dataset shape: (68704, 518)
[INFO]: -----------------------------------------------------------------
[INFO]: Queuing <save_data> routine. . .
[INFO]: The operation took 0.069 s
[INFO]: split.1.fastq DNA dataset shape: (68704, 1661)
[INFO]: split.1.fastq Q score dataset shape: (68704, 1661)
[INFO]: split.1.fastq Peptide dataset shape: (68704, 518)
[INFO]: -----------------------------------------------------------------
[INFO]: Queuing <template_breakdown> routine. . .
[INFO]: The operation took 0.038 s
[INFO]: split.1.fastq DNA dataset shape: (68704, 1661)
[INFO]: split.1.fastq Q score dataset shape: (68704, 1661)
[INFO]: split.1.fastq Peptide dataset shape: (68704, 518)
[INFO]: -----------------------------------------------------------------
[INFO]: Fetching split.2.fastq.gz. . .
[INFO]: 11 routines appended to pipeline; current queue size: 11
[INFO]: split.2.fastq DNA dataset shape: (223100,)
[INFO]: split.2.fastq Q score dataset shape: (223100,)
[INFO]: split.2.fastq Peptide dataset shape: None
[INFO]: -----------------------------------------------------------------
[INFO]: Queuing <revcom_data> routine. . .
[INFO]: The operation took 1.966 s
[INFO]: split.2.fastq DNA dataset shape: (223100,)
[INFO]: split.2.fastq Q score dataset shape: (223100,)
[INFO]: split.2.fastq Peptide dataset shape: None
[INFO]: -----------------------------------------------------------------
[INFO]: Queuing <translate_dna> routine. . .
[INFO]: The operation took 32.707 s
[INFO]: split.2.fastq DNA dataset shape: (223100, 3383)
[INFO]: split.2.fastq Q score dataset shape: (223100, 3383)
[INFO]: split.2.fastq Peptide dataset shape: (223100, 534)
[INFO]: -----------------------------------------------------------------
[INFO]: Queuing <filter_ambiguous> routine. . .
[INFO]: The operation took 7.501 s
[INFO]: split.2.fastq DNA dataset shape: (223100, 3383)
[INFO]: split.2.fastq Q score dataset shape: (223100, 3383)
[INFO]: split.2.fastq Peptide dataset shape: (223100, 534)
[INFO]: -----------------------------------------------------------------
[INFO]: Queuing <_cr_filter_fuzzy> routine. . .
[INFO]: The operation took 238.137 s
[INFO]: split.2.fastq DNA dataset shape: (68937, 3383)
[INFO]: split.2.fastq Q score dataset shape: (68937, 3383)
[INFO]: split.2.fastq Peptide dataset shape: (68937, 534)
[INFO]: -----------------------------------------------------------------
[INFO]: Queuing <fetch_fuzzy> routine. . .
[INFO]: The operation took 181.217 s
[INFO]: split.2.fastq DNA dataset shape: (68937, 3383)
[INFO]: split.2.fastq Q score dataset shape: (68937, 3383)
[INFO]: split.2.fastq Peptide dataset shape: (68937, 520)
[INFO]: -----------------------------------------------------------------
[INFO]: Queuing <full_count_summary> routine. . .
[INFO]: The operation took 30.587 s
[INFO]: split.2.fastq DNA dataset shape: (68937, 3383)
[INFO]: split.2.fastq Q score dataset shape: (68937, 3383)
[INFO]: split.2.fastq Peptide dataset shape: (68937, 520)
[INFO]: -----------------------------------------------------------------
[INFO]: Queuing <full_count_summary> routine. . .
[INFO]: The operation took 5.118 s
[INFO]: split.2.fastq DNA dataset shape: (68937, 3383)
[INFO]: split.2.fastq Q score dataset shape: (68937, 3383)
[INFO]: split.2.fastq Peptide dataset shape: (68937, 520)
[INFO]: -----------------------------------------------------------------
[INFO]: Queuing <template_breakdown> routine. . .
[INFO]: The operation took 0.003 s
[INFO]: split.2.fastq DNA dataset shape: (68937, 3383)
[INFO]: split.2.fastq Q score dataset shape: (68937, 3383)
[INFO]: split.2.fastq Peptide dataset shape: (68937, 520)
[INFO]: -----------------------------------------------------------------
[INFO]: Queuing <unpad_data> routine. . .
[INFO]: The operation took 1.251 s
[INFO]: split.2.fastq DNA dataset shape: (68937, 2365)
[INFO]: split.2.fastq Q score dataset shape: (68937, 2365)
[INFO]: split.2.fastq Peptide dataset shape: (68937, 520)
[INFO]: -----------------------------------------------------------------
[INFO]: Queuing <save_data> routine. . .
[INFO]: The operation took 0.062 s
[INFO]: split.2.fastq DNA dataset shape: (68937, 2365)
[INFO]: split.2.fastq Q score dataset shape: (68937, 2365)
[INFO]: split.2.fastq Peptide dataset shape: (68937, 520)
[INFO]: -----------------------------------------------------------------
[INFO]: Queuing <template_breakdown> routine. . .
[INFO]: The operation took 0.003 s
[INFO]: split.2.fastq DNA dataset shape: (68937, 2365)
[INFO]: split.2.fastq Q score dataset shape: (68937, 2365)
[INFO]: split.2.fastq Peptide dataset shape: (68937, 520)
[INFO]: -----------------------------------------------------------------
[INFO]: Fetching split.3.fastq.gz. . .
[INFO]: 11 routines appended to pipeline; current queue size: 11
[INFO]: split.3.fastq DNA dataset shape: (223100,)
[INFO]: split.3.fastq Q score dataset shape: (223100,)
[INFO]: split.3.fastq Peptide dataset shape: None
[INFO]: -----------------------------------------------------------------
[INFO]: Queuing <revcom_data> routine. . .
[INFO]: The operation took 1.9 s
[INFO]: split.3.fastq DNA dataset shape: (223100,)
[INFO]: split.3.fastq Q score dataset shape: (223100,)
[INFO]: split.3.fastq Peptide dataset shape: None
[INFO]: -----------------------------------------------------------------
[INFO]: Queuing <translate_dna> routine. . .
[INFO]: The operation took 32.889 s
[INFO]: split.3.fastq DNA dataset shape: (223100, 3331)
[INFO]: split.3.fastq Q score dataset shape: (223100, 3331)
[INFO]: split.3.fastq Peptide dataset shape: (223100, 520)
[INFO]: -----------------------------------------------------------------
[INFO]: Queuing <filter_ambiguous> routine. . .
[INFO]: The operation took 7.361 s
[INFO]: split.3.fastq DNA dataset shape: (223100, 3331)
[INFO]: split.3.fastq Q score dataset shape: (223100, 3331)
[INFO]: split.3.fastq Peptide dataset shape: (223100, 520)
[INFO]: -----------------------------------------------------------------
[INFO]: Queuing <_cr_filter_fuzzy> routine. . .
[INFO]: The operation took 238.801 s
[INFO]: split.3.fastq DNA dataset shape: (68747, 3331)
[INFO]: split.3.fastq Q score dataset shape: (68747, 3331)
[INFO]: split.3.fastq Peptide dataset shape: (68747, 520)
[INFO]: -----------------------------------------------------------------
[INFO]: Queuing <fetch_fuzzy> routine. . .
[INFO]: The operation took 182.362 s
[INFO]: split.3.fastq DNA dataset shape: (68747, 3331)
[INFO]: split.3.fastq Q score dataset shape: (68747, 3331)
[INFO]: split.3.fastq Peptide dataset shape: (68747, 471)
[INFO]: -----------------------------------------------------------------
[INFO]: Queuing <full_count_summary> routine. . .
[INFO]: The operation took 29.838 s
[INFO]: split.3.fastq DNA dataset shape: (68747, 3331)
[INFO]: split.3.fastq Q score dataset shape: (68747, 3331)
[INFO]: split.3.fastq Peptide dataset shape: (68747, 471)
[INFO]: -----------------------------------------------------------------
[INFO]: Queuing <full_count_summary> routine. . .
[INFO]: The operation took 4.83 s
[INFO]: split.3.fastq DNA dataset shape: (68747, 3331)
[INFO]: split.3.fastq Q score dataset shape: (68747, 3331)
[INFO]: split.3.fastq Peptide dataset shape: (68747, 471)
[INFO]: -----------------------------------------------------------------
[INFO]: Queuing <template_breakdown> routine. . .
[INFO]: The operation took 0.003 s
[INFO]: split.3.fastq DNA dataset shape: (68747, 3331)
[INFO]: split.3.fastq Q score dataset shape: (68747, 3331)
[INFO]: split.3.fastq Peptide dataset shape: (68747, 471)
[INFO]: -----------------------------------------------------------------
[INFO]: Queuing <unpad_data> routine. . .
[INFO]: The operation took 1.281 s
[INFO]: split.3.fastq DNA dataset shape: (68747, 2499)
[INFO]: split.3.fastq Q score dataset shape: (68747, 2499)
[INFO]: split.3.fastq Peptide dataset shape: (68747, 471)
[INFO]: -----------------------------------------------------------------
[INFO]: Queuing <save_data> routine. . .
[INFO]: The operation took 0.056 s
[INFO]: split.3.fastq DNA dataset shape: (68747, 2499)
[INFO]: split.3.fastq Q score dataset shape: (68747, 2499)
[INFO]: split.3.fastq Peptide dataset shape: (68747, 471)
[INFO]: -----------------------------------------------------------------
[INFO]: Queuing <template_breakdown> routine. . .
[INFO]: The operation took 0.004 s
[INFO]: split.3.fastq DNA dataset shape: (68747, 2499)
[INFO]: split.3.fastq Q score dataset shape: (68747, 2499)
[INFO]: split.3.fastq Peptide dataset shape: (68747, 471)
[INFO]: -----------------------------------------------------------------
[INFO]: Fetching split.4.fastq.gz. . .
[INFO]: 11 routines appended to pipeline; current queue size: 11
[INFO]: split.4.fastq DNA dataset shape: (223100,)
[INFO]: split.4.fastq Q score dataset shape: (223100,)
[INFO]: split.4.fastq Peptide dataset shape: None
[INFO]: -----------------------------------------------------------------
[INFO]: Queuing <revcom_data> routine. . .
[INFO]: The operation took 2.068 s
[INFO]: split.4.fastq DNA dataset shape: (223100,)
[INFO]: split.4.fastq Q score dataset shape: (223100,)
[INFO]: split.4.fastq Peptide dataset shape: None
[INFO]: -----------------------------------------------------------------
[INFO]: Queuing <translate_dna> routine. . .
[INFO]: The operation took 33.405 s
[INFO]: split.4.fastq DNA dataset shape: (223100, 3904)
[INFO]: split.4.fastq Q score dataset shape: (223100, 3904)
[INFO]: split.4.fastq Peptide dataset shape: (223100, 526)
[INFO]: -----------------------------------------------------------------
[INFO]: Queuing <filter_ambiguous> routine. . .
[INFO]: The operation took 8.399 s
[INFO]: split.4.fastq DNA dataset shape: (223100, 3904)
[INFO]: split.4.fastq Q score dataset shape: (223100, 3904)
[INFO]: split.4.fastq Peptide dataset shape: (223100, 526)
[INFO]: -----------------------------------------------------------------
[INFO]: Queuing <_cr_filter_fuzzy> routine. . .
[INFO]: The operation took 236.02 s
[INFO]: split.4.fastq DNA dataset shape: (68472, 3904)
[INFO]: split.4.fastq Q score dataset shape: (68472, 3904)
[INFO]: split.4.fastq Peptide dataset shape: (68472, 526)
[INFO]: -----------------------------------------------------------------
[INFO]: Queuing <fetch_fuzzy> routine. . .
[INFO]: The operation took 179.343 s
[INFO]: split.4.fastq DNA dataset shape: (68472, 3904)
[INFO]: split.4.fastq Q score dataset shape: (68472, 3904)
[INFO]: split.4.fastq Peptide dataset shape: (68472, 514)
[INFO]: -----------------------------------------------------------------
[INFO]: Queuing <full_count_summary> routine. . .
[INFO]: The operation took 34.153 s
[INFO]: split.4.fastq DNA dataset shape: (68472, 3904)
[INFO]: split.4.fastq Q score dataset shape: (68472, 3904)
[INFO]: split.4.fastq Peptide dataset shape: (68472, 514)
[INFO]: -----------------------------------------------------------------
[INFO]: Queuing <full_count_summary> routine. . .
[INFO]: The operation took 5.103 s
[INFO]: split.4.fastq DNA dataset shape: (68472, 3904)
[INFO]: split.4.fastq Q score dataset shape: (68472, 3904)
[INFO]: split.4.fastq Peptide dataset shape: (68472, 514)
[INFO]: -----------------------------------------------------------------
[INFO]: Queuing <template_breakdown> routine. . .
[INFO]: The operation took 0.003 s
[INFO]: split.4.fastq DNA dataset shape: (68472, 3904)
[INFO]: split.4.fastq Q score dataset shape: (68472, 3904)
[INFO]: split.4.fastq Peptide dataset shape: (68472, 514)
[INFO]: -----------------------------------------------------------------
[INFO]: Queuing <unpad_data> routine. . .
[INFO]: The operation took 1.371 s
[INFO]: split.4.fastq DNA dataset shape: (68472, 2370)
[INFO]: split.4.fastq Q score dataset shape: (68472, 2370)
[INFO]: split.4.fastq Peptide dataset shape: (68472, 514)
[INFO]: -----------------------------------------------------------------
[INFO]: Queuing <save_data> routine. . .
[INFO]: The operation took 0.065 s
[INFO]: split.4.fastq DNA dataset shape: (68472, 2370)
[INFO]: split.4.fastq Q score dataset shape: (68472, 2370)
[INFO]: split.4.fastq Peptide dataset shape: (68472, 514)
[INFO]: -----------------------------------------------------------------
[INFO]: Queuing <template_breakdown> routine. . .
[INFO]: The operation took 0.003 s
[INFO]: split.4.fastq DNA dataset shape: (68472, 2370)
[INFO]: split.4.fastq Q score dataset shape: (68472, 2370)
[INFO]: split.4.fastq Peptide dataset shape: (68472, 514)
[INFO]: -----------------------------------------------------------------
[INFO]: Fetching split.5.fastq.gz. . .
[INFO]: 11 routines appended to pipeline; current queue size: 11
[INFO]: split.5.fastq DNA dataset shape: (223100,)
[INFO]: split.5.fastq Q score dataset shape: (223100,)
[INFO]: split.5.fastq Peptide dataset shape: None
[INFO]: -----------------------------------------------------------------
[INFO]: Queuing <revcom_data> routine. . .
[INFO]: The operation took 2.017 s
[INFO]: split.5.fastq DNA dataset shape: (223100,)
[INFO]: split.5.fastq Q score dataset shape: (223100,)
[INFO]: split.5.fastq Peptide dataset shape: None
[INFO]: -----------------------------------------------------------------
[INFO]: Queuing <translate_dna> routine. . .
[INFO]: The operation took 33.091 s
[INFO]: split.5.fastq DNA dataset shape: (223100, 3744)
[INFO]: split.5.fastq Q score dataset shape: (223100, 3744)
[INFO]: split.5.fastq Peptide dataset shape: (223100, 533)
[INFO]: -----------------------------------------------------------------
[INFO]: Queuing <filter_ambiguous> routine. . .
[INFO]: The operation took 8.122 s
[INFO]: split.5.fastq DNA dataset shape: (223100, 3744)
[INFO]: split.5.fastq Q score dataset shape: (223100, 3744)
[INFO]: split.5.fastq Peptide dataset shape: (223100, 533)
[INFO]: -----------------------------------------------------------------
[INFO]: Queuing <_cr_filter_fuzzy> routine. . .
[INFO]: The operation took 237.582 s
[INFO]: split.5.fastq DNA dataset shape: (69002, 3744)
[INFO]: split.5.fastq Q score dataset shape: (69002, 3744)
[INFO]: split.5.fastq Peptide dataset shape: (69002, 533)
[INFO]: -----------------------------------------------------------------
[INFO]: Queuing <fetch_fuzzy> routine. . .
[INFO]: The operation took 181.24 s
[INFO]: split.5.fastq DNA dataset shape: (69002, 3744)
[INFO]: split.5.fastq Q score dataset shape: (69002, 3744)
[INFO]: split.5.fastq Peptide dataset shape: (69002, 516)
[INFO]: -----------------------------------------------------------------
[INFO]: Queuing <full_count_summary> routine. . .
[INFO]: The operation took 33.524 s
[INFO]: split.5.fastq DNA dataset shape: (69002, 3744)
[INFO]: split.5.fastq Q score dataset shape: (69002, 3744)
[INFO]: split.5.fastq Peptide dataset shape: (69002, 516)
[INFO]: -----------------------------------------------------------------
[INFO]: Queuing <full_count_summary> routine. . .
[INFO]: The operation took 5.135 s
[INFO]: split.5.fastq DNA dataset shape: (69002, 3744)
[INFO]: split.5.fastq Q score dataset shape: (69002, 3744)
[INFO]: split.5.fastq Peptide dataset shape: (69002, 516)
[INFO]: -----------------------------------------------------------------
[INFO]: Queuing <template_breakdown> routine. . .
[INFO]: The operation took 0.003 s
[INFO]: split.5.fastq DNA dataset shape: (69002, 3744)
[INFO]: split.5.fastq Q score dataset shape: (69002, 3744)
[INFO]: split.5.fastq Peptide dataset shape: (69002, 516)
[INFO]: -----------------------------------------------------------------
[INFO]: Queuing <unpad_data> routine. . .
[INFO]: The operation took 1.085 s
[INFO]: split.5.fastq DNA dataset shape: (69002, 1633)
[INFO]: split.5.fastq Q score dataset shape: (69002, 1633)
[INFO]: split.5.fastq Peptide dataset shape: (69002, 516)
[INFO]: -----------------------------------------------------------------
[INFO]: Queuing <save_data> routine. . .
[INFO]: The operation took 0.061 s
[INFO]: split.5.fastq DNA dataset shape: (69002, 1633)
[INFO]: split.5.fastq Q score dataset shape: (69002, 1633)
[INFO]: split.5.fastq Peptide dataset shape: (69002, 516)
[INFO]: -----------------------------------------------------------------
[INFO]: Queuing <template_breakdown> routine. . .
[INFO]: The operation took 0.003 s
[INFO]: split.5.fastq DNA dataset shape: (69002, 1633)
[INFO]: split.5.fastq Q score dataset shape: (69002, 1633)
[INFO]: split.5.fastq Peptide dataset shape: (69002, 516)
[INFO]: -----------------------------------------------------------------
[INFO]: Fetching split.6.fastq.gz. . .
[INFO]: 11 routines appended to pipeline; current queue size: 11
[INFO]: split.6.fastq DNA dataset shape: (223100,)
[INFO]: split.6.fastq Q score dataset shape: (223100,)
[INFO]: split.6.fastq Peptide dataset shape: None
[INFO]: -----------------------------------------------------------------
[INFO]: Queuing <revcom_data> routine. . .
[INFO]: The operation took 1.9 s
[INFO]: split.6.fastq DNA dataset shape: (223100,)
[INFO]: split.6.fastq Q score dataset shape: (223100,)
[INFO]: split.6.fastq Peptide dataset shape: None
[INFO]: -----------------------------------------------------------------
[INFO]: Queuing <translate_dna> routine. . .
[INFO]: The operation took 32.869 s
[INFO]: split.6.fastq DNA dataset shape: (223100, 3443)
[INFO]: split.6.fastq Q score dataset shape: (223100, 3443)
[INFO]: split.6.fastq Peptide dataset shape: (223100, 658)
[INFO]: -----------------------------------------------------------------
[INFO]: Queuing <filter_ambiguous> routine. . .
[INFO]: The operation took 7.589 s
[INFO]: split.6.fastq DNA dataset shape: (223100, 3443)
[INFO]: split.6.fastq Q score dataset shape: (223100, 3443)
[INFO]: split.6.fastq Peptide dataset shape: (223100, 658)
[INFO]: -----------------------------------------------------------------
[INFO]: Queuing <_cr_filter_fuzzy> routine. . .
[INFO]: The operation took 238.556 s
[INFO]: split.6.fastq DNA dataset shape: (68237, 3443)
[INFO]: split.6.fastq Q score dataset shape: (68237, 3443)
[INFO]: split.6.fastq Peptide dataset shape: (68237, 658)
[INFO]: -----------------------------------------------------------------
[INFO]: Queuing <fetch_fuzzy> routine. . .
[INFO]: The operation took 179.714 s
[INFO]: split.6.fastq DNA dataset shape: (68237, 3443)
[INFO]: split.6.fastq Q score dataset shape: (68237, 3443)
[INFO]: split.6.fastq Peptide dataset shape: (68237, 528)
[INFO]: -----------------------------------------------------------------
[INFO]: Queuing <full_count_summary> routine. . .
[INFO]: The operation took 30.679 s
[INFO]: split.6.fastq DNA dataset shape: (68237, 3443)
[INFO]: split.6.fastq Q score dataset shape: (68237, 3443)
[INFO]: split.6.fastq Peptide dataset shape: (68237, 528)
[INFO]: -----------------------------------------------------------------
[INFO]: Queuing <full_count_summary> routine. . .
[INFO]: The operation took 5.138 s
[INFO]: split.6.fastq DNA dataset shape: (68237, 3443)
[INFO]: split.6.fastq Q score dataset shape: (68237, 3443)
[INFO]: split.6.fastq Peptide dataset shape: (68237, 528)
[INFO]: -----------------------------------------------------------------
[INFO]: Queuing <template_breakdown> routine. . .
[INFO]: The operation took 0.003 s
[INFO]: split.6.fastq DNA dataset shape: (68237, 3443)
[INFO]: split.6.fastq Q score dataset shape: (68237, 3443)
[INFO]: split.6.fastq Peptide dataset shape: (68237, 528)
[INFO]: -----------------------------------------------------------------
[INFO]: Queuing <unpad_data> routine. . .
[INFO]: The operation took 1.497 s
[INFO]: split.6.fastq DNA dataset shape: (68237, 3274)
[INFO]: split.6.fastq Q score dataset shape: (68237, 3274)
[INFO]: split.6.fastq Peptide dataset shape: (68237, 528)
[INFO]: -----------------------------------------------------------------
[INFO]: Queuing <save_data> routine. . .
[INFO]: The operation took 0.064 s
[INFO]: split.6.fastq DNA dataset shape: (68237, 3274)
[INFO]: split.6.fastq Q score dataset shape: (68237, 3274)
[INFO]: split.6.fastq Peptide dataset shape: (68237, 528)
[INFO]: -----------------------------------------------------------------
[INFO]: Queuing <template_breakdown> routine. . .
[INFO]: The operation took 0.003 s
[INFO]: split.6.fastq DNA dataset shape: (68237, 3274)
[INFO]: split.6.fastq Q score dataset shape: (68237, 3274)
[INFO]: split.6.fastq Peptide dataset shape: (68237, 528)
[INFO]: -----------------------------------------------------------------
[INFO]: Fetching split.7.fastq.gz. . .
[INFO]: 11 routines appended to pipeline; current queue size: 11
[INFO]: split.7.fastq DNA dataset shape: (223100,)
[INFO]: split.7.fastq Q score dataset shape: (223100,)
[INFO]: split.7.fastq Peptide dataset shape: None
[INFO]: -----------------------------------------------------------------
[INFO]: Queuing <revcom_data> routine. . .
[INFO]: The operation took 5.394 s
[INFO]: split.7.fastq DNA dataset shape: (223100,)
[INFO]: split.7.fastq Q score dataset shape: (223100,)
[INFO]: split.7.fastq Peptide dataset shape: None
[INFO]: -----------------------------------------------------------------
[INFO]: Queuing <translate_dna> routine. . .
[INFO]: The operation took 39.596 s
[INFO]: split.7.fastq DNA dataset shape: (223100, 8129)
[INFO]: split.7.fastq Q score dataset shape: (223100, 8129)
[INFO]: split.7.fastq Peptide dataset shape: (223100, 529)
[INFO]: -----------------------------------------------------------------
[INFO]: Queuing <filter_ambiguous> routine. . .
[INFO]: The operation took 16.404 s
[INFO]: split.7.fastq DNA dataset shape: (223100, 8129)
[INFO]: split.7.fastq Q score dataset shape: (223100, 8129)
[INFO]: split.7.fastq Peptide dataset shape: (223100, 529)
[INFO]: -----------------------------------------------------------------
[INFO]: Queuing <_cr_filter_fuzzy> routine. . .
[INFO]: The operation took 238.743 s
[INFO]: split.7.fastq DNA dataset shape: (68549, 8129)
[INFO]: split.7.fastq Q score dataset shape: (68549, 8129)
[INFO]: split.7.fastq Peptide dataset shape: (68549, 529)
[INFO]: -----------------------------------------------------------------
[INFO]: Queuing <fetch_fuzzy> routine. . .
[INFO]: The operation took 182.253 s
[INFO]: split.7.fastq DNA dataset shape: (68549, 8129)
[INFO]: split.7.fastq Q score dataset shape: (68549, 8129)
[INFO]: split.7.fastq Peptide dataset shape: (68549, 466)
[INFO]: -----------------------------------------------------------------
[INFO]: Queuing <full_count_summary> routine. . .
[INFO]: The operation took 65.242 s
[INFO]: split.7.fastq DNA dataset shape: (68549, 8129)
[INFO]: split.7.fastq Q score dataset shape: (68549, 8129)
[INFO]: split.7.fastq Peptide dataset shape: (68549, 466)
[INFO]: -----------------------------------------------------------------
[INFO]: Queuing <full_count_summary> routine. . .
[INFO]: The operation took 4.726 s
[INFO]: split.7.fastq DNA dataset shape: (68549, 8129)
[INFO]: split.7.fastq Q score dataset shape: (68549, 8129)
[INFO]: split.7.fastq Peptide dataset shape: (68549, 466)
[INFO]: -----------------------------------------------------------------
[INFO]: Queuing <template_breakdown> routine. . .
[INFO]: The operation took 0.003 s
[INFO]: split.7.fastq DNA dataset shape: (68549, 8129)
[INFO]: split.7.fastq Q score dataset shape: (68549, 8129)
[INFO]: split.7.fastq Peptide dataset shape: (68549, 466)
[INFO]: -----------------------------------------------------------------
[INFO]: Queuing <unpad_data> routine. . .
[INFO]: The operation took 2.087 s
[INFO]: split.7.fastq DNA dataset shape: (68549, 2428)
[INFO]: split.7.fastq Q score dataset shape: (68549, 2428)
[INFO]: split.7.fastq Peptide dataset shape: (68549, 466)
[INFO]: -----------------------------------------------------------------
[INFO]: Queuing <save_data> routine. . .
[INFO]: The operation took 0.058 s
[INFO]: split.7.fastq DNA dataset shape: (68549, 2428)
[INFO]: split.7.fastq Q score dataset shape: (68549, 2428)
[INFO]: split.7.fastq Peptide dataset shape: (68549, 466)
[INFO]: -----------------------------------------------------------------
[INFO]: Queuing <template_breakdown> routine. . .
[INFO]: The operation took 0.003 s
[INFO]: split.7.fastq DNA dataset shape: (68549, 2428)
[INFO]: split.7.fastq Q score dataset shape: (68549, 2428)
[INFO]: split.7.fastq Peptide dataset shape: (68549, 466)
[INFO]: -----------------------------------------------------------------
[INFO]: Fetching split.8.fastq.gz. . .
[INFO]: 11 routines appended to pipeline; current queue size: 11
[INFO]: split.8.fastq DNA dataset shape: (223100,)
[INFO]: split.8.fastq Q score dataset shape: (223100,)
[INFO]: split.8.fastq Peptide dataset shape: None
[INFO]: -----------------------------------------------------------------
[INFO]: Queuing <revcom_data> routine. . .
[INFO]: The operation took 2.229 s
[INFO]: split.8.fastq DNA dataset shape: (223100,)
[INFO]: split.8.fastq Q score dataset shape: (223100,)
[INFO]: split.8.fastq Peptide dataset shape: None
[INFO]: -----------------------------------------------------------------
[INFO]: Queuing <translate_dna> routine. . .
[INFO]: The operation took 34.29 s
[INFO]: split.8.fastq DNA dataset shape: (223100, 4462)
[INFO]: split.8.fastq Q score dataset shape: (223100, 4462)
[INFO]: split.8.fastq Peptide dataset shape: (223100, 533)
[INFO]: -----------------------------------------------------------------
[INFO]: Queuing <filter_ambiguous> routine. . .
[INFO]: The operation took 9.463 s
[INFO]: split.8.fastq DNA dataset shape: (223100, 4462)
[INFO]: split.8.fastq Q score dataset shape: (223100, 4462)
[INFO]: split.8.fastq Peptide dataset shape: (223100, 533)
[INFO]: -----------------------------------------------------------------
[INFO]: Queuing <_cr_filter_fuzzy> routine. . .
[INFO]: The operation took 237.546 s
[INFO]: split.8.fastq DNA dataset shape: (68662, 4462)
[INFO]: split.8.fastq Q score dataset shape: (68662, 4462)
[INFO]: split.8.fastq Peptide dataset shape: (68662, 533)
[INFO]: -----------------------------------------------------------------
[INFO]: Queuing <fetch_fuzzy> routine. . .
[INFO]: The operation took 180.151 s
[INFO]: split.8.fastq DNA dataset shape: (68662, 4462)
[INFO]: split.8.fastq Q score dataset shape: (68662, 4462)
[INFO]: split.8.fastq Peptide dataset shape: (68662, 456)
[INFO]: -----------------------------------------------------------------
[INFO]: Queuing <full_count_summary> routine. . .
[INFO]: The operation took 37.918 s
[INFO]: split.8.fastq DNA dataset shape: (68662, 4462)
[INFO]: split.8.fastq Q score dataset shape: (68662, 4462)
[INFO]: split.8.fastq Peptide dataset shape: (68662, 456)
[INFO]: -----------------------------------------------------------------
[INFO]: Queuing <full_count_summary> routine. . .
[INFO]: The operation took 4.615 s
[INFO]: split.8.fastq DNA dataset shape: (68662, 4462)
[INFO]: split.8.fastq Q score dataset shape: (68662, 4462)
[INFO]: split.8.fastq Peptide dataset shape: (68662, 456)
[INFO]: -----------------------------------------------------------------
[INFO]: Queuing <template_breakdown> routine. . .
[INFO]: The operation took 0.003 s
[INFO]: split.8.fastq DNA dataset shape: (68662, 4462)
[INFO]: split.8.fastq Q score dataset shape: (68662, 4462)
[INFO]: split.8.fastq Peptide dataset shape: (68662, 456)
[INFO]: -----------------------------------------------------------------
[INFO]: Queuing <unpad_data> routine. . .
[INFO]: The operation took 1.216 s
[INFO]: split.8.fastq DNA dataset shape: (68662, 1673)
[INFO]: split.8.fastq Q score dataset shape: (68662, 1673)
[INFO]: split.8.fastq Peptide dataset shape: (68662, 456)
[INFO]: -----------------------------------------------------------------
[INFO]: Queuing <save_data> routine. . .
[INFO]: The operation took 0.057 s
[INFO]: split.8.fastq DNA dataset shape: (68662, 1673)
[INFO]: split.8.fastq Q score dataset shape: (68662, 1673)
[INFO]: split.8.fastq Peptide dataset shape: (68662, 456)
[INFO]: -----------------------------------------------------------------
[INFO]: Queuing <template_breakdown> routine. . .
[INFO]: The operation took 0.003 s
[INFO]: split.8.fastq DNA dataset shape: (68662, 1673)
[INFO]: split.8.fastq Q score dataset shape: (68662, 1673)
[INFO]: split.8.fastq Peptide dataset shape: (68662, 456)
[INFO]: -----------------------------------------------------------------
[INFO]: Fetching split.9.fastq.gz. . .
[INFO]: 11 routines appended to pipeline; current queue size: 11
[INFO]: split.9.fastq DNA dataset shape: (223100,)
[INFO]: split.9.fastq Q score dataset shape: (223100,)
[INFO]: split.9.fastq Peptide dataset shape: None
[INFO]: -----------------------------------------------------------------
[INFO]: Queuing <revcom_data> routine. . .
[INFO]: The operation took 1.886 s
[INFO]: split.9.fastq DNA dataset shape: (223100,)
[INFO]: split.9.fastq Q score dataset shape: (223100,)
[INFO]: split.9.fastq Peptide dataset shape: None
[INFO]: -----------------------------------------------------------------
[INFO]: Queuing <translate_dna> routine. . .
[INFO]: The operation took 32.7 s
[INFO]: split.9.fastq DNA dataset shape: (223100, 3379)
[INFO]: split.9.fastq Q score dataset shape: (223100, 3379)
[INFO]: split.9.fastq Peptide dataset shape: (223100, 532)
[INFO]: -----------------------------------------------------------------
[INFO]: Queuing <filter_ambiguous> routine. . .
[INFO]: The operation took 7.485 s
[INFO]: split.9.fastq DNA dataset shape: (223100, 3379)
[INFO]: split.9.fastq Q score dataset shape: (223100, 3379)
[INFO]: split.9.fastq Peptide dataset shape: (223100, 532)
[INFO]: -----------------------------------------------------------------
[INFO]: Queuing <_cr_filter_fuzzy> routine. . .
[INFO]: The operation took 236.871 s
[INFO]: split.9.fastq DNA dataset shape: (68494, 3379)
[INFO]: split.9.fastq Q score dataset shape: (68494, 3379)
[INFO]: split.9.fastq Peptide dataset shape: (68494, 532)
[INFO]: -----------------------------------------------------------------
[INFO]: Queuing <fetch_fuzzy> routine. . .
[INFO]: The operation took 179.436 s
[INFO]: split.9.fastq DNA dataset shape: (68494, 3379)
[INFO]: split.9.fastq Q score dataset shape: (68494, 3379)
[INFO]: split.9.fastq Peptide dataset shape: (68494, 513)
[INFO]: -----------------------------------------------------------------
[INFO]: Queuing <full_count_summary> routine. . .
[INFO]: The operation took 30.304 s
[INFO]: split.9.fastq DNA dataset shape: (68494, 3379)
[INFO]: split.9.fastq Q score dataset shape: (68494, 3379)
[INFO]: split.9.fastq Peptide dataset shape: (68494, 513)
[INFO]: -----------------------------------------------------------------
[INFO]: Queuing <full_count_summary> routine. . .
[INFO]: The operation took 5.055 s
[INFO]: split.9.fastq DNA dataset shape: (68494, 3379)
[INFO]: split.9.fastq Q score dataset shape: (68494, 3379)
[INFO]: split.9.fastq Peptide dataset shape: (68494, 513)
[INFO]: -----------------------------------------------------------------
[INFO]: Queuing <template_breakdown> routine. . .
[INFO]: The operation took 0.003 s
[INFO]: split.9.fastq DNA dataset shape: (68494, 3379)
[INFO]: split.9.fastq Q score dataset shape: (68494, 3379)
[INFO]: split.9.fastq Peptide dataset shape: (68494, 513)
[INFO]: -----------------------------------------------------------------
[INFO]: Queuing <unpad_data> routine. . .
[INFO]: The operation took 1.268 s
[INFO]: split.9.fastq DNA dataset shape: (68494, 2472)
[INFO]: split.9.fastq Q score dataset shape: (68494, 2472)
[INFO]: split.9.fastq Peptide dataset shape: (68494, 513)
[INFO]: -----------------------------------------------------------------
[INFO]: Queuing <save_data> routine. . .
[INFO]: The operation took 0.066 s
[INFO]: split.9.fastq DNA dataset shape: (68494, 2472)
[INFO]: split.9.fastq Q score dataset shape: (68494, 2472)
[INFO]: split.9.fastq Peptide dataset shape: (68494, 513)
[INFO]: -----------------------------------------------------------------
[INFO]: Queuing <template_breakdown> routine. . .
[INFO]: The operation took 0.003 s
[INFO]: split.9.fastq DNA dataset shape: (68494, 2472)
[INFO]: split.9.fastq Q score dataset shape: (68494, 2472)
[INFO]: split.9.fastq Peptide dataset shape: (68494, 513)
[INFO]: -----------------------------------------------------------------
[INFO]: Fetching split.10.fastq.gz. . .
[INFO]: 11 routines appended to pipeline; current queue size: 11
[INFO]: split.10.fastq DNA dataset shape: (223100,)
[INFO]: split.10.fastq Q score dataset shape: (223100,)
[INFO]: split.10.fastq Peptide dataset shape: None
[INFO]: -----------------------------------------------------------------
[INFO]: Queuing <revcom_data> routine. . .
[INFO]: The operation took 2.964 s
[INFO]: split.10.fastq DNA dataset shape: (223100,)
[INFO]: split.10.fastq Q score dataset shape: (223100,)
[INFO]: split.10.fastq Peptide dataset shape: None
[INFO]: -----------------------------------------------------------------
[INFO]: Queuing <translate_dna> routine. . .
[INFO]: The operation took 36.789 s
[INFO]: split.10.fastq DNA dataset shape: (223100, 6261)
[INFO]: split.10.fastq Q score dataset shape: (223100, 6261)
[INFO]: split.10.fastq Peptide dataset shape: (223100, 533)
[INFO]: -----------------------------------------------------------------
[INFO]: Queuing <filter_ambiguous> routine. . .
[INFO]: The operation took 12.861 s
[INFO]: split.10.fastq DNA dataset shape: (223100, 6261)
[INFO]: split.10.fastq Q score dataset shape: (223100, 6261)
[INFO]: split.10.fastq Peptide dataset shape: (223100, 533)
[INFO]: -----------------------------------------------------------------
[INFO]: Queuing <_cr_filter_fuzzy> routine. . .
[INFO]: The operation took 239.068 s
[INFO]: split.10.fastq DNA dataset shape: (68842, 6261)
[INFO]: split.10.fastq Q score dataset shape: (68842, 6261)
[INFO]: split.10.fastq Peptide dataset shape: (68842, 533)
[INFO]: -----------------------------------------------------------------
[INFO]: Queuing <fetch_fuzzy> routine. . .
[INFO]: The operation took 181.021 s
[INFO]: split.10.fastq DNA dataset shape: (68842, 6261)
[INFO]: split.10.fastq Q score dataset shape: (68842, 6261)
[INFO]: split.10.fastq Peptide dataset shape: (68842, 526)
[INFO]: -----------------------------------------------------------------
[INFO]: Queuing <full_count_summary> routine. . .
[INFO]: The operation took 52.018 s
[INFO]: split.10.fastq DNA dataset shape: (68842, 6261)
[INFO]: split.10.fastq Q score dataset shape: (68842, 6261)
[INFO]: split.10.fastq Peptide dataset shape: (68842, 526)
[INFO]: -----------------------------------------------------------------
[INFO]: Queuing <full_count_summary> routine. . .
[INFO]: The operation took 5.253 s
[INFO]: split.10.fastq DNA dataset shape: (68842, 6261)
[INFO]: split.10.fastq Q score dataset shape: (68842, 6261)
[INFO]: split.10.fastq Peptide dataset shape: (68842, 526)
[INFO]: -----------------------------------------------------------------
[INFO]: Queuing <template_breakdown> routine. . .
[INFO]: The operation took 0.004 s
[INFO]: split.10.fastq DNA dataset shape: (68842, 6261)
[INFO]: split.10.fastq Q score dataset shape: (68842, 6261)
[INFO]: split.10.fastq Peptide dataset shape: (68842, 526)
[INFO]: -----------------------------------------------------------------
[INFO]: Queuing <unpad_data> routine. . .
[INFO]: The operation took 1.98 s
[INFO]: split.10.fastq DNA dataset shape: (68842, 3248)
[INFO]: split.10.fastq Q score dataset shape: (68842, 3248)
[INFO]: split.10.fastq Peptide dataset shape: (68842, 526)
[INFO]: -----------------------------------------------------------------
[INFO]: Queuing <save_data> routine. . .
[INFO]: The operation took 0.072 s
[INFO]: split.10.fastq DNA dataset shape: (68842, 3248)
[INFO]: split.10.fastq Q score dataset shape: (68842, 3248)
[INFO]: split.10.fastq Peptide dataset shape: (68842, 526)
[INFO]: -----------------------------------------------------------------
[INFO]: Queuing <template_breakdown> routine. . .
[INFO]: The operation took 0.003 s
[INFO]: split.10.fastq DNA dataset shape: (68842, 3248)
[INFO]: split.10.fastq Q score dataset shape: (68842, 3248)
[INFO]: split.10.fastq Peptide dataset shape: (68842, 526)
[INFO]: -----------------------------------------------------------------
[INFO]: Fetching split.11.fastq.gz. . .
[INFO]: 11 routines appended to pipeline; current queue size: 11
[INFO]: split.11.fastq DNA dataset shape: (223100,)
[INFO]: split.11.fastq Q score dataset shape: (223100,)
[INFO]: split.11.fastq Peptide dataset shape: None
[INFO]: -----------------------------------------------------------------
[INFO]: Queuing <revcom_data> routine. . .
[INFO]: The operation took 2.478 s
[INFO]: split.11.fastq DNA dataset shape: (223100,)
[INFO]: split.11.fastq Q score dataset shape: (223100,)
[INFO]: split.11.fastq Peptide dataset shape: None
[INFO]: -----------------------------------------------------------------
[INFO]: Queuing <translate_dna> routine. . .
[INFO]: The operation took 35.281 s
[INFO]: split.11.fastq DNA dataset shape: (223100, 5137)
[INFO]: split.11.fastq Q score dataset shape: (223100, 5137)
[INFO]: split.11.fastq Peptide dataset shape: (223100, 521)
[INFO]: -----------------------------------------------------------------
[INFO]: Queuing <filter_ambiguous> routine. . .
[INFO]: The operation took 10.726 s
[INFO]: split.11.fastq DNA dataset shape: (223100, 5137)
[INFO]: split.11.fastq Q score dataset shape: (223100, 5137)
[INFO]: split.11.fastq Peptide dataset shape: (223100, 521)
[INFO]: -----------------------------------------------------------------
[INFO]: Queuing <_cr_filter_fuzzy> routine. . .
[INFO]: The operation took 237.502 s
[INFO]: split.11.fastq DNA dataset shape: (68922, 5137)
[INFO]: split.11.fastq Q score dataset shape: (68922, 5137)
[INFO]: split.11.fastq Peptide dataset shape: (68922, 521)
[INFO]: -----------------------------------------------------------------
[INFO]: Queuing <fetch_fuzzy> routine. . .
[INFO]: The operation took 181.829 s
[INFO]: split.11.fastq DNA dataset shape: (68922, 5137)
[INFO]: split.11.fastq Q score dataset shape: (68922, 5137)
[INFO]: split.11.fastq Peptide dataset shape: (68922, 517)
[INFO]: -----------------------------------------------------------------
[INFO]: Queuing <full_count_summary> routine. . .
[INFO]: The operation took 43.597 s
[INFO]: split.11.fastq DNA dataset shape: (68922, 5137)
[INFO]: split.11.fastq Q score dataset shape: (68922, 5137)
[INFO]: split.11.fastq Peptide dataset shape: (68922, 517)
[INFO]: -----------------------------------------------------------------
[INFO]: Queuing <full_count_summary> routine. . .
[INFO]: The operation took 5.21 s
[INFO]: split.11.fastq DNA dataset shape: (68922, 5137)
[INFO]: split.11.fastq Q score dataset shape: (68922, 5137)
[INFO]: split.11.fastq Peptide dataset shape: (68922, 517)
[INFO]: -----------------------------------------------------------------
[INFO]: Queuing <template_breakdown> routine. . .
[INFO]: The operation took 0.004 s
[INFO]: split.11.fastq DNA dataset shape: (68922, 5137)
[INFO]: split.11.fastq Q score dataset shape: (68922, 5137)
[INFO]: split.11.fastq Peptide dataset shape: (68922, 517)
[INFO]: -----------------------------------------------------------------
[INFO]: Queuing <unpad_data> routine. . .
[INFO]: The operation took 1.583 s
[INFO]: split.11.fastq DNA dataset shape: (68922, 2409)
[INFO]: split.11.fastq Q score dataset shape: (68922, 2409)
[INFO]: split.11.fastq Peptide dataset shape: (68922, 517)
[INFO]: -----------------------------------------------------------------
[INFO]: Queuing <save_data> routine. . .
[INFO]: The operation took 0.066 s
[INFO]: split.11.fastq DNA dataset shape: (68922, 2409)
[INFO]: split.11.fastq Q score dataset shape: (68922, 2409)
[INFO]: split.11.fastq Peptide dataset shape: (68922, 517)
[INFO]: -----------------------------------------------------------------
[INFO]: Queuing <template_breakdown> routine. . .
[INFO]: The operation took 0.003 s
[INFO]: split.11.fastq DNA dataset shape: (68922, 2409)
[INFO]: split.11.fastq Q score dataset shape: (68922, 2409)
[INFO]: split.11.fastq Peptide dataset shape: (68922, 517)
[INFO]: -----------------------------------------------------------------
[INFO]: Fetching split.12.fastq.gz. . .
[INFO]: 11 routines appended to pipeline; current queue size: 11
[INFO]: split.12.fastq DNA dataset shape: (223100,)
[INFO]: split.12.fastq Q score dataset shape: (223100,)
[INFO]: split.12.fastq Peptide dataset shape: None
[INFO]: -----------------------------------------------------------------
[INFO]: Queuing <revcom_data> routine. . .
[INFO]: The operation took 1.858 s
[INFO]: split.12.fastq DNA dataset shape: (223100,)
[INFO]: split.12.fastq Q score dataset shape: (223100,)
[INFO]: split.12.fastq Peptide dataset shape: None
[INFO]: -----------------------------------------------------------------
[INFO]: Queuing <translate_dna> routine. . .
[INFO]: The operation took 32.64 s
[INFO]: split.12.fastq DNA dataset shape: (223100, 3341)
[INFO]: split.12.fastq Q score dataset shape: (223100, 3341)
[INFO]: split.12.fastq Peptide dataset shape: (223100, 526)
[INFO]: -----------------------------------------------------------------
[INFO]: Queuing <filter_ambiguous> routine. . .
[INFO]: The operation took 7.39 s
[INFO]: split.12.fastq DNA dataset shape: (223100, 3341)
[INFO]: split.12.fastq Q score dataset shape: (223100, 3341)
[INFO]: split.12.fastq Peptide dataset shape: (223100, 526)
[INFO]: -----------------------------------------------------------------
[INFO]: Queuing <_cr_filter_fuzzy> routine. . .
[INFO]: The operation took 235.745 s
[INFO]: split.12.fastq DNA dataset shape: (68447, 3341)
[INFO]: split.12.fastq Q score dataset shape: (68447, 3341)
[INFO]: split.12.fastq Peptide dataset shape: (68447, 526)
[INFO]: -----------------------------------------------------------------
[INFO]: Queuing <fetch_fuzzy> routine. . .
[INFO]: The operation took 179.399 s
[INFO]: split.12.fastq DNA dataset shape: (68447, 3341)
[INFO]: split.12.fastq Q score dataset shape: (68447, 3341)
[INFO]: split.12.fastq Peptide dataset shape: (68447, 510)
[INFO]: -----------------------------------------------------------------
[INFO]: Queuing <full_count_summary> routine. . .
[INFO]: The operation took 30.25 s
[INFO]: split.12.fastq DNA dataset shape: (68447, 3341)
[INFO]: split.12.fastq Q score dataset shape: (68447, 3341)
[INFO]: split.12.fastq Peptide dataset shape: (68447, 510)
[INFO]: -----------------------------------------------------------------
[INFO]: Queuing <full_count_summary> routine. . .
[INFO]: The operation took 5.05 s
[INFO]: split.12.fastq DNA dataset shape: (68447, 3341)
[INFO]: split.12.fastq Q score dataset shape: (68447, 3341)
[INFO]: split.12.fastq Peptide dataset shape: (68447, 510)
[INFO]: -----------------------------------------------------------------
[INFO]: Queuing <template_breakdown> routine. . .
[INFO]: The operation took 0.003 s
[INFO]: split.12.fastq DNA dataset shape: (68447, 3341)
[INFO]: split.12.fastq Q score dataset shape: (68447, 3341)
[INFO]: split.12.fastq Peptide dataset shape: (68447, 510)
[INFO]: -----------------------------------------------------------------
[INFO]: Queuing <unpad_data> routine. . .
[INFO]: The operation took 1.103 s
[INFO]: split.12.fastq DNA dataset shape: (68447, 1649)
[INFO]: split.12.fastq Q score dataset shape: (68447, 1649)
[INFO]: split.12.fastq Peptide dataset shape: (68447, 510)
[INFO]: -----------------------------------------------------------------
[INFO]: Queuing <save_data> routine. . .
[INFO]: The operation took 0.081 s
[INFO]: split.12.fastq DNA dataset shape: (68447, 1649)
[INFO]: split.12.fastq Q score dataset shape: (68447, 1649)
[INFO]: split.12.fastq Peptide dataset shape: (68447, 510)
[INFO]: -----------------------------------------------------------------
[INFO]: Queuing <template_breakdown> routine. . .
[INFO]: The operation took 0.003 s
[INFO]: split.12.fastq DNA dataset shape: (68447, 1649)
[INFO]: split.12.fastq Q score dataset shape: (68447, 1649)
[INFO]: split.12.fastq Peptide dataset shape: (68447, 510)
[INFO]: -----------------------------------------------------------------
[INFO]: Fetching split.13.fastq.gz. . .
[INFO]: 11 routines appended to pipeline; current queue size: 11
[INFO]: split.13.fastq DNA dataset shape: (223100,)
[INFO]: split.13.fastq Q score dataset shape: (223100,)
[INFO]: split.13.fastq Peptide dataset shape: None
[INFO]: -----------------------------------------------------------------
[INFO]: Queuing <revcom_data> routine. . .
[INFO]: The operation took 2.411 s
[INFO]: split.13.fastq DNA dataset shape: (223100,)
[INFO]: split.13.fastq Q score dataset shape: (223100,)
[INFO]: split.13.fastq Peptide dataset shape: None
[INFO]: -----------------------------------------------------------------
[INFO]: Queuing <translate_dna> routine. . .
[INFO]: The operation took 34.949 s
[INFO]: split.13.fastq DNA dataset shape: (223100, 4908)
[INFO]: split.13.fastq Q score dataset shape: (223100, 4908)
[INFO]: split.13.fastq Peptide dataset shape: (223100, 529)
[INFO]: -----------------------------------------------------------------
[INFO]: Queuing <filter_ambiguous> routine. . .
[INFO]: The operation took 10.331 s
[INFO]: split.13.fastq DNA dataset shape: (223100, 4908)
[INFO]: split.13.fastq Q score dataset shape: (223100, 4908)
[INFO]: split.13.fastq Peptide dataset shape: (223100, 529)
[INFO]: -----------------------------------------------------------------
[INFO]: Queuing <_cr_filter_fuzzy> routine. . .
[INFO]: The operation took 238.113 s
[INFO]: split.13.fastq DNA dataset shape: (68622, 4908)
[INFO]: split.13.fastq Q score dataset shape: (68622, 4908)
[INFO]: split.13.fastq Peptide dataset shape: (68622, 529)
[INFO]: -----------------------------------------------------------------
[INFO]: Queuing <fetch_fuzzy> routine. . .
[INFO]: The operation took 183.994 s
[INFO]: split.13.fastq DNA dataset shape: (68622, 4908)
[INFO]: split.13.fastq Q score dataset shape: (68622, 4908)
[INFO]: split.13.fastq Peptide dataset shape: (68622, 540)
[INFO]: -----------------------------------------------------------------
[INFO]: Queuing <full_count_summary> routine. . .
[INFO]: The operation took 41.746 s
[INFO]: split.13.fastq DNA dataset shape: (68622, 4908)
[INFO]: split.13.fastq Q score dataset shape: (68622, 4908)
[INFO]: split.13.fastq Peptide dataset shape: (68622, 540)
[INFO]: -----------------------------------------------------------------
[INFO]: Queuing <full_count_summary> routine. . .
[INFO]: The operation took 5.292 s
[INFO]: split.13.fastq DNA dataset shape: (68622, 4908)
[INFO]: split.13.fastq Q score dataset shape: (68622, 4908)
[INFO]: split.13.fastq Peptide dataset shape: (68622, 540)
[INFO]: -----------------------------------------------------------------
[INFO]: Queuing <template_breakdown> routine. . .
[INFO]: The operation took 0.003 s
[INFO]: split.13.fastq DNA dataset shape: (68622, 4908)
[INFO]: split.13.fastq Q score dataset shape: (68622, 4908)
[INFO]: split.13.fastq Peptide dataset shape: (68622, 540)
[INFO]: -----------------------------------------------------------------
[INFO]: Queuing <unpad_data> routine. . .
[INFO]: The operation took 1.394 s
[INFO]: split.13.fastq DNA dataset shape: (68622, 2393)
[INFO]: split.13.fastq Q score dataset shape: (68622, 2393)
[INFO]: split.13.fastq Peptide dataset shape: (68622, 540)
[INFO]: -----------------------------------------------------------------
[INFO]: Queuing <save_data> routine. . .
[INFO]: The operation took 0.077 s
[INFO]: split.13.fastq DNA dataset shape: (68622, 2393)
[INFO]: split.13.fastq Q score dataset shape: (68622, 2393)
[INFO]: split.13.fastq Peptide dataset shape: (68622, 540)
[INFO]: -----------------------------------------------------------------
[INFO]: Queuing <template_breakdown> routine. . .
[INFO]: The operation took 0.003 s
[INFO]: split.13.fastq DNA dataset shape: (68622, 2393)
[INFO]: split.13.fastq Q score dataset shape: (68622, 2393)
[INFO]: split.13.fastq Peptide dataset shape: (68622, 540)
[INFO]: -----------------------------------------------------------------
[INFO]: Fetching split.14.fastq.gz. . .
[INFO]: 11 routines appended to pipeline; current queue size: 11
[INFO]: split.14.fastq DNA dataset shape: (223065,)
[INFO]: split.14.fastq Q score dataset shape: (223065,)
[INFO]: split.14.fastq Peptide dataset shape: None
[INFO]: -----------------------------------------------------------------
[INFO]: Queuing <revcom_data> routine. . .
[INFO]: The operation took 8.425 s
[INFO]: split.14.fastq DNA dataset shape: (223065,)
[INFO]: split.14.fastq Q score dataset shape: (223065,)
[INFO]: split.14.fastq Peptide dataset shape: None
[INFO]: -----------------------------------------------------------------
[INFO]: Queuing <translate_dna> routine. . .
[INFO]: The operation took 55.401 s
[INFO]: split.14.fastq DNA dataset shape: (223065, 10216)
[INFO]: split.14.fastq Q score dataset shape: (223065, 10216)
[INFO]: split.14.fastq Peptide dataset shape: (223065, 525)
[INFO]: -----------------------------------------------------------------
[INFO]: Queuing <filter_ambiguous> routine. . .
[INFO]: The operation took 32.997 s
[INFO]: split.14.fastq DNA dataset shape: (223065, 10216)
[INFO]: split.14.fastq Q score dataset shape: (223065, 10216)
[INFO]: split.14.fastq Peptide dataset shape: (223065, 525)
[INFO]: -----------------------------------------------------------------
[INFO]: Queuing <_cr_filter_fuzzy> routine. . .
[INFO]: The operation took 237.898 s
[INFO]: split.14.fastq DNA dataset shape: (68764, 10216)
[INFO]: split.14.fastq Q score dataset shape: (68764, 10216)
[INFO]: split.14.fastq Peptide dataset shape: (68764, 525)
[INFO]: -----------------------------------------------------------------
[INFO]: Queuing <fetch_fuzzy> routine. . .
[INFO]: The operation took 179.957 s
[INFO]: split.14.fastq DNA dataset shape: (68764, 10216)
[INFO]: split.14.fastq Q score dataset shape: (68764, 10216)
[INFO]: split.14.fastq Peptide dataset shape: (68764, 511)
[INFO]: -----------------------------------------------------------------
[INFO]: Queuing <full_count_summary> routine. . .
[INFO]: The operation took 81.074 s
[INFO]: split.14.fastq DNA dataset shape: (68764, 10216)
[INFO]: split.14.fastq Q score dataset shape: (68764, 10216)
[INFO]: split.14.fastq Peptide dataset shape: (68764, 511)
[INFO]: -----------------------------------------------------------------
[INFO]: Queuing <full_count_summary> routine. . .
[INFO]: The operation took 5.05 s
[INFO]: split.14.fastq DNA dataset shape: (68764, 10216)
[INFO]: split.14.fastq Q score dataset shape: (68764, 10216)
[INFO]: split.14.fastq Peptide dataset shape: (68764, 511)
[INFO]: -----------------------------------------------------------------
[INFO]: Queuing <template_breakdown> routine. . .
[INFO]: The operation took 0.004 s
[INFO]: split.14.fastq DNA dataset shape: (68764, 10216)
[INFO]: split.14.fastq Q score dataset shape: (68764, 10216)
[INFO]: split.14.fastq Peptide dataset shape: (68764, 511)
[INFO]: -----------------------------------------------------------------
[INFO]: Queuing <unpad_data> routine. . .
[INFO]: The operation took 2.323 s
[INFO]: split.14.fastq DNA dataset shape: (68764, 2471)
[INFO]: split.14.fastq Q score dataset shape: (68764, 2471)
[INFO]: split.14.fastq Peptide dataset shape: (68764, 511)
[INFO]: -----------------------------------------------------------------
[INFO]: Queuing <save_data> routine. . .
[INFO]: The operation took 0.083 s
[INFO]: split.14.fastq DNA dataset shape: (68764, 2471)
[INFO]: split.14.fastq Q score dataset shape: (68764, 2471)
[INFO]: split.14.fastq Peptide dataset shape: (68764, 511)
[INFO]: -----------------------------------------------------------------
[INFO]: Queuing <template_breakdown> routine. . .
[INFO]: The operation took 0.003 s
[INFO]: split.14.fastq DNA dataset shape: (68764, 2471)
[INFO]: split.14.fastq Q score dataset shape: (68764, 2471)
[INFO]: split.14.fastq Peptide dataset shape: (68764, 511)
[INFO]: -----------------------------------------------------------------
[INFO]: Fetching split.15.fastq.gz. . .
[INFO]: 11 routines appended to pipeline; current queue size: 11
[INFO]: split.15.fastq DNA dataset shape: (223000,)
[INFO]: split.15.fastq Q score dataset shape: (223000,)
[INFO]: split.15.fastq Peptide dataset shape: None
[INFO]: -----------------------------------------------------------------
[INFO]: Queuing <revcom_data> routine. . .
[INFO]: The operation took 3.415 s
[INFO]: split.15.fastq DNA dataset shape: (223000,)
[INFO]: split.15.fastq Q score dataset shape: (223000,)
[INFO]: split.15.fastq Peptide dataset shape: None
[INFO]: -----------------------------------------------------------------
[INFO]: Queuing <translate_dna> routine. . .
[INFO]: The operation took 37.946 s
[INFO]: split.15.fastq DNA dataset shape: (223000, 7002)
[INFO]: split.15.fastq Q score dataset shape: (223000, 7002)
[INFO]: split.15.fastq Peptide dataset shape: (223000, 530)
[INFO]: -----------------------------------------------------------------
[INFO]: Queuing <filter_ambiguous> routine. . .
[INFO]: The operation took 14.251 s
[INFO]: split.15.fastq DNA dataset shape: (223000, 7002)
[INFO]: split.15.fastq Q score dataset shape: (223000, 7002)
[INFO]: split.15.fastq Peptide dataset shape: (223000, 530)
[INFO]: -----------------------------------------------------------------
[INFO]: Queuing <_cr_filter_fuzzy> routine. . .
[INFO]: The operation took 236.866 s
[INFO]: split.15.fastq DNA dataset shape: (68590, 7002)
[INFO]: split.15.fastq Q score dataset shape: (68590, 7002)
[INFO]: split.15.fastq Peptide dataset shape: (68590, 530)
[INFO]: -----------------------------------------------------------------
[INFO]: Queuing <fetch_fuzzy> routine. . .
[INFO]: The operation took 181.438 s
[INFO]: split.15.fastq DNA dataset shape: (68590, 7002)
[INFO]: split.15.fastq Q score dataset shape: (68590, 7002)
[INFO]: split.15.fastq Peptide dataset shape: (68590, 461)
[INFO]: -----------------------------------------------------------------
[INFO]: Queuing <full_count_summary> routine. . .
[INFO]: The operation took 56.785 s
[INFO]: split.15.fastq DNA dataset shape: (68590, 7002)
[INFO]: split.15.fastq Q score dataset shape: (68590, 7002)
[INFO]: split.15.fastq Peptide dataset shape: (68590, 461)
[INFO]: -----------------------------------------------------------------
[INFO]: Queuing <full_count_summary> routine. . .
[INFO]: The operation took 4.713 s
[INFO]: split.15.fastq DNA dataset shape: (68590, 7002)
[INFO]: split.15.fastq Q score dataset shape: (68590, 7002)
[INFO]: split.15.fastq Peptide dataset shape: (68590, 461)
[INFO]: -----------------------------------------------------------------
[INFO]: Queuing <template_breakdown> routine. . .
[INFO]: The operation took 0.003 s
[INFO]: split.15.fastq DNA dataset shape: (68590, 7002)
[INFO]: split.15.fastq Q score dataset shape: (68590, 7002)
[INFO]: split.15.fastq Peptide dataset shape: (68590, 461)
[INFO]: -----------------------------------------------------------------
[INFO]: Queuing <unpad_data> routine. . .
[INFO]: The operation took 1.87 s
[INFO]: split.15.fastq DNA dataset shape: (68590, 2484)
[INFO]: split.15.fastq Q score dataset shape: (68590, 2484)
[INFO]: split.15.fastq Peptide dataset shape: (68590, 461)
[INFO]: -----------------------------------------------------------------
[INFO]: Queuing <save_data> routine. . .
[INFO]: The operation took 0.063 s
[INFO]: split.15.fastq DNA dataset shape: (68590, 2484)
[INFO]: split.15.fastq Q score dataset shape: (68590, 2484)
[INFO]: split.15.fastq Peptide dataset shape: (68590, 461)
[INFO]: -----------------------------------------------------------------
[INFO]: Queuing <template_breakdown> routine. . .
[INFO]: The operation took 0.003 s
[INFO]: split.15.fastq DNA dataset shape: (68590, 2484)
[INFO]: split.15.fastq Q score dataset shape: (68590, 2484)
[INFO]: split.15.fastq Peptide dataset shape: (68590, 461)
[INFO]: -----------------------------------------------------------------
[INFO]: Fetching split.16.fastq.gz. . .
[INFO]: 11 routines appended to pipeline; current queue size: 11
[INFO]: split.16.fastq DNA dataset shape: (223000,)
[INFO]: split.16.fastq Q score dataset shape: (223000,)
[INFO]: split.16.fastq Peptide dataset shape: None
[INFO]: -----------------------------------------------------------------
[INFO]: Queuing <revcom_data> routine. . .
[INFO]: The operation took 3.502 s
[INFO]: split.16.fastq DNA dataset shape: (223000,)
[INFO]: split.16.fastq Q score dataset shape: (223000,)
[INFO]: split.16.fastq Peptide dataset shape: None
[INFO]: -----------------------------------------------------------------
[INFO]: Queuing <translate_dna> routine. . .
[INFO]: The operation took 38.094 s
[INFO]: split.16.fastq DNA dataset shape: (223000, 7121)
[INFO]: split.16.fastq Q score dataset shape: (223000, 7121)
[INFO]: split.16.fastq Peptide dataset shape: (223000, 533)
[INFO]: -----------------------------------------------------------------
[INFO]: Queuing <filter_ambiguous> routine. . .
[INFO]: The operation took 14.482 s
[INFO]: split.16.fastq DNA dataset shape: (223000, 7121)
[INFO]: split.16.fastq Q score dataset shape: (223000, 7121)
[INFO]: split.16.fastq Peptide dataset shape: (223000, 533)
[INFO]: -----------------------------------------------------------------
[INFO]: Queuing <_cr_filter_fuzzy> routine. . .
[INFO]: The operation took 241.642 s
[INFO]: split.16.fastq DNA dataset shape: (68919, 7121)
[INFO]: split.16.fastq Q score dataset shape: (68919, 7121)
[INFO]: split.16.fastq Peptide dataset shape: (68919, 533)
[INFO]: -----------------------------------------------------------------
[INFO]: Queuing <fetch_fuzzy> routine. . .
[INFO]: The operation took 181.018 s
[INFO]: split.16.fastq DNA dataset shape: (68919, 7121)
[INFO]: split.16.fastq Q score dataset shape: (68919, 7121)
[INFO]: split.16.fastq Peptide dataset shape: (68919, 540)
[INFO]: -----------------------------------------------------------------
[INFO]: Queuing <full_count_summary> routine. . .
[INFO]: The operation took 58.694 s
[INFO]: split.16.fastq DNA dataset shape: (68919, 7121)
[INFO]: split.16.fastq Q score dataset shape: (68919, 7121)
[INFO]: split.16.fastq Peptide dataset shape: (68919, 540)
[INFO]: -----------------------------------------------------------------
[INFO]: Queuing <full_count_summary> routine. . .
[INFO]: The operation took 5.371 s
[INFO]: split.16.fastq DNA dataset shape: (68919, 7121)
[INFO]: split.16.fastq Q score dataset shape: (68919, 7121)
[INFO]: split.16.fastq Peptide dataset shape: (68919, 540)
[INFO]: -----------------------------------------------------------------
[INFO]: Queuing <template_breakdown> routine. . .
[INFO]: The operation took 0.004 s
[INFO]: split.16.fastq DNA dataset shape: (68919, 7121)
[INFO]: split.16.fastq Q score dataset shape: (68919, 7121)
[INFO]: split.16.fastq Peptide dataset shape: (68919, 540)
[INFO]: -----------------------------------------------------------------
[INFO]: Queuing <unpad_data> routine. . .
[INFO]: The operation took 1.92 s
[INFO]: split.16.fastq DNA dataset shape: (68919, 2405)
[INFO]: split.16.fastq Q score dataset shape: (68919, 2405)
[INFO]: split.16.fastq Peptide dataset shape: (68919, 540)
[INFO]: -----------------------------------------------------------------
[INFO]: Queuing <save_data> routine. . .
[INFO]: The operation took 0.072 s
[INFO]: split.16.fastq DNA dataset shape: (68919, 2405)
[INFO]: split.16.fastq Q score dataset shape: (68919, 2405)
[INFO]: split.16.fastq Peptide dataset shape: (68919, 540)
[INFO]: -----------------------------------------------------------------
[INFO]: Queuing <template_breakdown> routine. . .
[INFO]: The operation took 0.003 s
[INFO]: split.16.fastq DNA dataset shape: (68919, 2405)
[INFO]: split.16.fastq Q score dataset shape: (68919, 2405)
[INFO]: split.16.fastq Peptide dataset shape: (68919, 540)
[INFO]: -----------------------------------------------------------------
[INFO]: Fetching split.17.fastq.gz. . .
[INFO]: 11 routines appended to pipeline; current queue size: 11
[INFO]: split.17.fastq DNA dataset shape: (223000,)
[INFO]: split.17.fastq Q score dataset shape: (223000,)
[INFO]: split.17.fastq Peptide dataset shape: None
[INFO]: -----------------------------------------------------------------
[INFO]: Queuing <revcom_data> routine. . .
[INFO]: The operation took 1.854 s
[INFO]: split.17.fastq DNA dataset shape: (223000,)
[INFO]: split.17.fastq Q score dataset shape: (223000,)
[INFO]: split.17.fastq Peptide dataset shape: None
[INFO]: -----------------------------------------------------------------
[INFO]: Queuing <translate_dna> routine. . .
[INFO]: The operation took 32.74 s
[INFO]: split.17.fastq DNA dataset shape: (223000, 3370)
[INFO]: split.17.fastq Q score dataset shape: (223000, 3370)
[INFO]: split.17.fastq Peptide dataset shape: (223000, 532)
[INFO]: -----------------------------------------------------------------
[INFO]: Queuing <filter_ambiguous> routine. . .
[INFO]: The operation took 7.43 s
[INFO]: split.17.fastq DNA dataset shape: (223000, 3370)
[INFO]: split.17.fastq Q score dataset shape: (223000, 3370)
[INFO]: split.17.fastq Peptide dataset shape: (223000, 532)
[INFO]: -----------------------------------------------------------------
[INFO]: Queuing <_cr_filter_fuzzy> routine. . .
[INFO]: The operation took 239.642 s
[INFO]: split.17.fastq DNA dataset shape: (68981, 3370)
[INFO]: split.17.fastq Q score dataset shape: (68981, 3370)
[INFO]: split.17.fastq Peptide dataset shape: (68981, 532)
[INFO]: -----------------------------------------------------------------
[INFO]: Queuing <fetch_fuzzy> routine. . .
[INFO]: The operation took 181.98 s
[INFO]: split.17.fastq DNA dataset shape: (68981, 3370)
[INFO]: split.17.fastq Q score dataset shape: (68981, 3370)
[INFO]: split.17.fastq Peptide dataset shape: (68981, 514)
[INFO]: -----------------------------------------------------------------
[INFO]: Queuing <full_count_summary> routine. . .
[INFO]: The operation took 30.584 s
[INFO]: split.17.fastq DNA dataset shape: (68981, 3370)
[INFO]: split.17.fastq Q score dataset shape: (68981, 3370)
[INFO]: split.17.fastq Peptide dataset shape: (68981, 514)
[INFO]: -----------------------------------------------------------------
[INFO]: Queuing <full_count_summary> routine. . .
[INFO]: The operation took 5.153 s
[INFO]: split.17.fastq DNA dataset shape: (68981, 3370)
[INFO]: split.17.fastq Q score dataset shape: (68981, 3370)
[INFO]: split.17.fastq Peptide dataset shape: (68981, 514)
[INFO]: -----------------------------------------------------------------
[INFO]: Queuing <template_breakdown> routine. . .
[INFO]: The operation took 0.003 s
[INFO]: split.17.fastq DNA dataset shape: (68981, 3370)
[INFO]: split.17.fastq Q score dataset shape: (68981, 3370)
[INFO]: split.17.fastq Peptide dataset shape: (68981, 514)
[INFO]: -----------------------------------------------------------------
[INFO]: Queuing <unpad_data> routine. . .
[INFO]: The operation took 1.073 s
[INFO]: split.17.fastq DNA dataset shape: (68981, 1698)
[INFO]: split.17.fastq Q score dataset shape: (68981, 1698)
[INFO]: split.17.fastq Peptide dataset shape: (68981, 514)
[INFO]: -----------------------------------------------------------------
[INFO]: Queuing <save_data> routine. . .
[INFO]: The operation took 0.083 s
[INFO]: split.17.fastq DNA dataset shape: (68981, 1698)
[INFO]: split.17.fastq Q score dataset shape: (68981, 1698)
[INFO]: split.17.fastq Peptide dataset shape: (68981, 514)
[INFO]: -----------------------------------------------------------------
[INFO]: Queuing <template_breakdown> routine. . .
[INFO]: The operation took 0.003 s
[INFO]: split.17.fastq DNA dataset shape: (68981, 1698)
[INFO]: split.17.fastq Q score dataset shape: (68981, 1698)
[INFO]: split.17.fastq Peptide dataset shape: (68981, 514)
[INFO]: -----------------------------------------------------------------
[INFO]: Fetching split.18.fastq.gz. . .
[INFO]: 11 routines appended to pipeline; current queue size: 11
[INFO]: split.18.fastq DNA dataset shape: (223000,)
[INFO]: split.18.fastq Q score dataset shape: (223000,)
[INFO]: split.18.fastq Peptide dataset shape: None
[INFO]: -----------------------------------------------------------------
[INFO]: Queuing <revcom_data> routine. . .
[INFO]: The operation took 1.841 s
[INFO]: split.18.fastq DNA dataset shape: (223000,)
[INFO]: split.18.fastq Q score dataset shape: (223000,)
[INFO]: split.18.fastq Peptide dataset shape: None
[INFO]: -----------------------------------------------------------------
[INFO]: Queuing <translate_dna> routine. . .
[INFO]: The operation took 32.487 s
[INFO]: split.18.fastq DNA dataset shape: (223000, 3280)
[INFO]: split.18.fastq Q score dataset shape: (223000, 3280)
[INFO]: split.18.fastq Peptide dataset shape: (223000, 535)
[INFO]: -----------------------------------------------------------------
[INFO]: Queuing <filter_ambiguous> routine. . .
[INFO]: The operation took 7.308 s
[INFO]: split.18.fastq DNA dataset shape: (223000, 3280)
[INFO]: split.18.fastq Q score dataset shape: (223000, 3280)
[INFO]: split.18.fastq Peptide dataset shape: (223000, 535)
[INFO]: -----------------------------------------------------------------
[INFO]: Queuing <_cr_filter_fuzzy> routine. . .
[INFO]: The operation took 239.082 s
[INFO]: split.18.fastq DNA dataset shape: (68853, 3280)
[INFO]: split.18.fastq Q score dataset shape: (68853, 3280)
[INFO]: split.18.fastq Peptide dataset shape: (68853, 535)
[INFO]: -----------------------------------------------------------------
[INFO]: Queuing <fetch_fuzzy> routine. . .
[INFO]: The operation took 180.252 s
[INFO]: split.18.fastq DNA dataset shape: (68853, 3280)
[INFO]: split.18.fastq Q score dataset shape: (68853, 3280)
[INFO]: split.18.fastq Peptide dataset shape: (68853, 517)
[INFO]: -----------------------------------------------------------------
[INFO]: Queuing <full_count_summary> routine. . .
[INFO]: The operation took 29.904 s
[INFO]: split.18.fastq DNA dataset shape: (68853, 3280)
[INFO]: split.18.fastq Q score dataset shape: (68853, 3280)
[INFO]: split.18.fastq Peptide dataset shape: (68853, 517)
[INFO]: -----------------------------------------------------------------
[INFO]: Queuing <full_count_summary> routine. . .
[INFO]: The operation took 5.198 s
[INFO]: split.18.fastq DNA dataset shape: (68853, 3280)
[INFO]: split.18.fastq Q score dataset shape: (68853, 3280)
[INFO]: split.18.fastq Peptide dataset shape: (68853, 517)
[INFO]: -----------------------------------------------------------------
[INFO]: Queuing <template_breakdown> routine. . .
[INFO]: The operation took 0.003 s
[INFO]: split.18.fastq DNA dataset shape: (68853, 3280)
[INFO]: split.18.fastq Q score dataset shape: (68853, 3280)
[INFO]: split.18.fastq Peptide dataset shape: (68853, 517)
[INFO]: -----------------------------------------------------------------
[INFO]: Queuing <unpad_data> routine. . .
[INFO]: The operation took 1.081 s
[INFO]: split.18.fastq DNA dataset shape: (68853, 2475)
[INFO]: split.18.fastq Q score dataset shape: (68853, 2475)
[INFO]: split.18.fastq Peptide dataset shape: (68853, 517)
[INFO]: -----------------------------------------------------------------
[INFO]: Queuing <save_data> routine. . .
[INFO]: The operation took 0.071 s
[INFO]: split.18.fastq DNA dataset shape: (68853, 2475)
[INFO]: split.18.fastq Q score dataset shape: (68853, 2475)
[INFO]: split.18.fastq Peptide dataset shape: (68853, 517)
[INFO]: -----------------------------------------------------------------
[INFO]: Queuing <template_breakdown> routine. . .
[INFO]: The operation took 0.003 s
[INFO]: split.18.fastq DNA dataset shape: (68853, 2475)
[INFO]: split.18.fastq Q score dataset shape: (68853, 2475)
[INFO]: split.18.fastq Peptide dataset shape: (68853, 517)
[INFO]: -----------------------------------------------------------------
[INFO]: Fetching split.19.fastq.gz. . .
[INFO]: 11 routines appended to pipeline; current queue size: 11
[INFO]: split.19.fastq DNA dataset shape: (223000,)
[INFO]: split.19.fastq Q score dataset shape: (223000,)
[INFO]: split.19.fastq Peptide dataset shape: None
[INFO]: -----------------------------------------------------------------
[INFO]: Queuing <revcom_data> routine. . .
[INFO]: The operation took 1.801 s
[INFO]: split.19.fastq DNA dataset shape: (223000,)
[INFO]: split.19.fastq Q score dataset shape: (223000,)
[INFO]: split.19.fastq Peptide dataset shape: None
[INFO]: -----------------------------------------------------------------
[INFO]: Queuing <translate_dna> routine. . .
[INFO]: The operation took 32.441 s
[INFO]: split.19.fastq DNA dataset shape: (223000, 3196)
[INFO]: split.19.fastq Q score dataset shape: (223000, 3196)
[INFO]: split.19.fastq Peptide dataset shape: (223000, 527)
[INFO]: -----------------------------------------------------------------
[INFO]: Queuing <filter_ambiguous> routine. . .
[INFO]: The operation took 7.085 s
[INFO]: split.19.fastq DNA dataset shape: (223000, 3196)
[INFO]: split.19.fastq Q score dataset shape: (223000, 3196)
[INFO]: split.19.fastq Peptide dataset shape: (223000, 527)
[INFO]: -----------------------------------------------------------------
[INFO]: Queuing <_cr_filter_fuzzy> routine. . .
[INFO]: The operation took 238.082 s
[INFO]: split.19.fastq DNA dataset shape: (68985, 3196)
[INFO]: split.19.fastq Q score dataset shape: (68985, 3196)
[INFO]: split.19.fastq Peptide dataset shape: (68985, 527)
[INFO]: -----------------------------------------------------------------
[INFO]: Queuing <fetch_fuzzy> routine. . .
[INFO]: The operation took 181.025 s
[INFO]: split.19.fastq DNA dataset shape: (68985, 3196)
[INFO]: split.19.fastq Q score dataset shape: (68985, 3196)
[INFO]: split.19.fastq Peptide dataset shape: (68985, 516)
[INFO]: -----------------------------------------------------------------
[INFO]: Queuing <full_count_summary> routine. . .
[INFO]: The operation took 29.169 s
[INFO]: split.19.fastq DNA dataset shape: (68985, 3196)
[INFO]: split.19.fastq Q score dataset shape: (68985, 3196)
[INFO]: split.19.fastq Peptide dataset shape: (68985, 516)
[INFO]: -----------------------------------------------------------------
[INFO]: Queuing <full_count_summary> routine. . .
[INFO]: The operation took 5.122 s
[INFO]: split.19.fastq DNA dataset shape: (68985, 3196)
[INFO]: split.19.fastq Q score dataset shape: (68985, 3196)
[INFO]: split.19.fastq Peptide dataset shape: (68985, 516)
[INFO]: -----------------------------------------------------------------
[INFO]: Queuing <template_breakdown> routine. . .
[INFO]: The operation took 0.003 s
[INFO]: split.19.fastq DNA dataset shape: (68985, 3196)
[INFO]: split.19.fastq Q score dataset shape: (68985, 3196)
[INFO]: split.19.fastq Peptide dataset shape: (68985, 516)
[INFO]: -----------------------------------------------------------------
[INFO]: Queuing <unpad_data> routine. . .
[INFO]: The operation took 0.977 s
[INFO]: split.19.fastq DNA dataset shape: (68985, 1682)
[INFO]: split.19.fastq Q score dataset shape: (68985, 1682)
[INFO]: split.19.fastq Peptide dataset shape: (68985, 516)
[INFO]: -----------------------------------------------------------------
[INFO]: Queuing <save_data> routine. . .
[INFO]: The operation took 0.064 s
[INFO]: split.19.fastq DNA dataset shape: (68985, 1682)
[INFO]: split.19.fastq Q score dataset shape: (68985, 1682)
[INFO]: split.19.fastq Peptide dataset shape: (68985, 516)
[INFO]: -----------------------------------------------------------------
[INFO]: Queuing <template_breakdown> routine. . .
[INFO]: The operation took 0.003 s
[INFO]: split.19.fastq DNA dataset shape: (68985, 1682)
[INFO]: split.19.fastq Q score dataset shape: (68985, 1682)
[INFO]: split.19.fastq Peptide dataset shape: (68985, 516)
[INFO]: -----------------------------------------------------------------
[INFO]: Fetching split.20.fastq.gz. . .
[INFO]: 11 routines appended to pipeline; current queue size: 11
[INFO]: split.20.fastq DNA dataset shape: (223000,)
[INFO]: split.20.fastq Q score dataset shape: (223000,)
[INFO]: split.20.fastq Peptide dataset shape: None
[INFO]: -----------------------------------------------------------------
[INFO]: Queuing <revcom_data> routine. . .
[INFO]: The operation took 1.886 s
[INFO]: split.20.fastq DNA dataset shape: (223000,)
[INFO]: split.20.fastq Q score dataset shape: (223000,)
[INFO]: split.20.fastq Peptide dataset shape: None
[INFO]: -----------------------------------------------------------------
[INFO]: Queuing <translate_dna> routine. . .
[INFO]: The operation took 32.828 s
[INFO]: split.20.fastq DNA dataset shape: (223000, 3355)
[INFO]: split.20.fastq Q score dataset shape: (223000, 3355)
[INFO]: split.20.fastq Peptide dataset shape: (223000, 526)
[INFO]: -----------------------------------------------------------------
[INFO]: Queuing <filter_ambiguous> routine. . .
[INFO]: The operation took 7.427 s
[INFO]: split.20.fastq DNA dataset shape: (223000, 3355)
[INFO]: split.20.fastq Q score dataset shape: (223000, 3355)
[INFO]: split.20.fastq Peptide dataset shape: (223000, 526)
[INFO]: -----------------------------------------------------------------
[INFO]: Queuing <_cr_filter_fuzzy> routine. . .
[INFO]: The operation took 236.891 s
[INFO]: split.20.fastq DNA dataset shape: (69036, 3355)
[INFO]: split.20.fastq Q score dataset shape: (69036, 3355)
[INFO]: split.20.fastq Peptide dataset shape: (69036, 526)
[INFO]: -----------------------------------------------------------------
[INFO]: Queuing <fetch_fuzzy> routine. . .
[INFO]: The operation took 180.957 s
[INFO]: split.20.fastq DNA dataset shape: (69036, 3355)
[INFO]: split.20.fastq Q score dataset shape: (69036, 3355)
[INFO]: split.20.fastq Peptide dataset shape: (69036, 515)
[INFO]: -----------------------------------------------------------------
[INFO]: Queuing <full_count_summary> routine. . .
[INFO]: The operation took 30.509 s
[INFO]: split.20.fastq DNA dataset shape: (69036, 3355)
[INFO]: split.20.fastq Q score dataset shape: (69036, 3355)
[INFO]: split.20.fastq Peptide dataset shape: (69036, 515)
[INFO]: -----------------------------------------------------------------
[INFO]: Queuing <full_count_summary> routine. . .
[INFO]: The operation took 5.209 s
[INFO]: split.20.fastq DNA dataset shape: (69036, 3355)
[INFO]: split.20.fastq Q score dataset shape: (69036, 3355)
[INFO]: split.20.fastq Peptide dataset shape: (69036, 515)
[INFO]: -----------------------------------------------------------------
[INFO]: Queuing <template_breakdown> routine. . .
[INFO]: The operation took 0.003 s
[INFO]: split.20.fastq DNA dataset shape: (69036, 3355)
[INFO]: split.20.fastq Q score dataset shape: (69036, 3355)
[INFO]: split.20.fastq Peptide dataset shape: (69036, 515)
[INFO]: -----------------------------------------------------------------
[INFO]: Queuing <unpad_data> routine. . .
[INFO]: The operation took 1.312 s
[INFO]: split.20.fastq DNA dataset shape: (69036, 2560)
[INFO]: split.20.fastq Q score dataset shape: (69036, 2560)
[INFO]: split.20.fastq Peptide dataset shape: (69036, 515)
[INFO]: -----------------------------------------------------------------
[INFO]: Queuing <save_data> routine. . .
[INFO]: The operation took 0.078 s
[INFO]: split.20.fastq DNA dataset shape: (69036, 2560)
[INFO]: split.20.fastq Q score dataset shape: (69036, 2560)
[INFO]: split.20.fastq Peptide dataset shape: (69036, 515)
[INFO]: -----------------------------------------------------------------
[INFO]: Queuing <template_breakdown> routine. . .
[INFO]: The operation took 0.003 s
[INFO]: split.20.fastq DNA dataset shape: (69036, 2560)
[INFO]: split.20.fastq Q score dataset shape: (69036, 2560)
[INFO]: split.20.fastq Peptide dataset shape: (69036, 515)
[INFO]: -----------------------------------------------------------------
[INFO]: The following handler was succesfully initialized: <Pipeline object; current queue size: 0 routine(s)>
[INFO]: The following handler was succesfully initialized: <FastqParser object>
[INFO]: Fetching split.1.fastq.gz. . .
[INFO]: 10 routines appended to pipeline; current queue size: 10
[INFO]: split.1.fastq DNA dataset shape: (44700,)
[INFO]: split.1.fastq Q score dataset shape: (44700,)
[INFO]: split.1.fastq Peptide dataset shape: None
[INFO]: -----------------------------------------------------------------
[INFO]: Queuing <translate_dna> routine. . .
Traceback (most recent call last):
  File "/home/zhao/NGS/code/naiveFL_analysis.py", line 106, in <module>
    pip.run(data, save_summary=False)         # run the queue
  File "/home/zhao/NGS/code/utils/ProcessHandlers.py", line 369, in run
    data = func(data)
  File "/home/zhao/NGS/code/utils/ProcessHandlers.py", line 630, in translate_dna
    sample.transform()
  File "/home/zhao/NGS/code/utils/datatypes.py", line 226, in transform
    self.transform_Q(pad=pad)
  File "/home/zhao/NGS/code/utils/datatypes.py", line 215, in transform_Q
    Q2d[i,:len(read)] = ord_mapper(read) 
  File "/home/zhao/NGS/code/utils/datatypes.py", line 205, in ord_mapper
    return [ord(a) - 33 for a in list(x)]
  File "/home/zhao/NGS/code/utils/datatypes.py", line 205, in <listcomp>
    return [ord(a) - 33 for a in list(x)]
TypeError: ord() expected string of length 1, but numpy.uint8 found
[INFO]: The following handler was succesfully initialized: <Pipeline object; current queue size: 0 routine(s)>
[INFO]: The following handler was succesfully initialized: <FastqParser object>
[INFO]: Fetching split.1.fastq.gz. . .
[INFO]: 10 routines appended to pipeline; current queue size: 10
[INFO]: split.1.fastq DNA dataset shape: (223100,)
[INFO]: split.1.fastq Q score dataset shape: (223100,)
[INFO]: split.1.fastq Peptide dataset shape: None
[INFO]: -----------------------------------------------------------------
[INFO]: Queuing <translate_dna> routine. . .
[INFO]: The operation took 29.165 s
[INFO]: split.1.fastq DNA dataset shape: (223100, 10457)
[INFO]: split.1.fastq Q score dataset shape: (223100, 10457)
[INFO]: split.1.fastq Peptide dataset shape: (223100, 536)
[INFO]: -----------------------------------------------------------------
[INFO]: Queuing <q_score_filter> routine. . .
[INFO]: The operation took 11.716 s
[INFO]: split.1.fastq DNA dataset shape: (223100, 10457)
[INFO]: split.1.fastq Q score dataset shape: (223100, 10457)
[INFO]: split.1.fastq Peptide dataset shape: (223100, 536)
[INFO]: -----------------------------------------------------------------
[INFO]: Queuing <_cr_filter_fuzzy> routine. . .
[INFO]: The operation took 263.203 s
[INFO]: split.1.fastq DNA dataset shape: (39446, 10457)
[INFO]: split.1.fastq Q score dataset shape: (39446, 10457)
[INFO]: split.1.fastq Peptide dataset shape: (39446, 536)
[INFO]: -----------------------------------------------------------------
[INFO]: Queuing <fetch_fuzzy> routine. . .
[INFO]: The operation took 104.891 s
[INFO]: split.1.fastq DNA dataset shape: (39446, 10457)
[INFO]: split.1.fastq Q score dataset shape: (39446, 10457)
[INFO]: split.1.fastq Peptide dataset shape: (39446, 474)
[INFO]: -----------------------------------------------------------------
[INFO]: Queuing <full_count_summary> routine. . .
[INFO]: The operation took 65.546 s
[INFO]: split.1.fastq DNA dataset shape: (39446, 10457)
[INFO]: split.1.fastq Q score dataset shape: (39446, 10457)
[INFO]: split.1.fastq Peptide dataset shape: (39446, 474)
[INFO]: -----------------------------------------------------------------
[INFO]: Queuing <full_count_summary> routine. . .
[INFO]: The operation took 2.847 s
[INFO]: split.1.fastq DNA dataset shape: (39446, 10457)
[INFO]: split.1.fastq Q score dataset shape: (39446, 10457)
[INFO]: split.1.fastq Peptide dataset shape: (39446, 474)
[INFO]: -----------------------------------------------------------------
[INFO]: Queuing <template_breakdown> routine. . .
[INFO]: The operation took 0.003 s
[INFO]: split.1.fastq DNA dataset shape: (39446, 10457)
[INFO]: split.1.fastq Q score dataset shape: (39446, 10457)
[INFO]: split.1.fastq Peptide dataset shape: (39446, 474)
[INFO]: -----------------------------------------------------------------
[INFO]: Queuing <unpad_data> routine. . .
[INFO]: The operation took 1.316 s
[INFO]: split.1.fastq DNA dataset shape: (39446, 1643)
[INFO]: split.1.fastq Q score dataset shape: (39446, 1643)
[INFO]: split.1.fastq Peptide dataset shape: (39446, 474)
[INFO]: -----------------------------------------------------------------
[INFO]: Queuing <save_data> routine. . .
[INFO]: The operation took 0.041 s
[INFO]: split.1.fastq DNA dataset shape: (39446, 1643)
[INFO]: split.1.fastq Q score dataset shape: (39446, 1643)
[INFO]: split.1.fastq Peptide dataset shape: (39446, 474)
[INFO]: -----------------------------------------------------------------
[INFO]: Queuing <template_breakdown> routine. . .
[INFO]: The operation took 0.003 s
[INFO]: split.1.fastq DNA dataset shape: (39446, 1643)
[INFO]: split.1.fastq Q score dataset shape: (39446, 1643)
[INFO]: split.1.fastq Peptide dataset shape: (39446, 474)
[INFO]: -----------------------------------------------------------------
[INFO]: Fetching split.2.fastq.gz. . .
[INFO]: 10 routines appended to pipeline; current queue size: 10
[INFO]: split.2.fastq DNA dataset shape: (223100,)
[INFO]: split.2.fastq Q score dataset shape: (223100,)
[INFO]: split.2.fastq Peptide dataset shape: None
[INFO]: -----------------------------------------------------------------
[INFO]: Queuing <translate_dna> routine. . .
[INFO]: The operation took 20.63 s
[INFO]: split.2.fastq DNA dataset shape: (223100, 3383)
[INFO]: split.2.fastq Q score dataset shape: (223100, 3383)
[INFO]: split.2.fastq Peptide dataset shape: (223100, 530)
[INFO]: -----------------------------------------------------------------
[INFO]: Queuing <q_score_filter> routine. . .
[INFO]: The operation took 1.057 s
[INFO]: split.2.fastq DNA dataset shape: (223100, 3383)
[INFO]: split.2.fastq Q score dataset shape: (223100, 3383)
[INFO]: split.2.fastq Peptide dataset shape: (223100, 530)
[INFO]: -----------------------------------------------------------------
[INFO]: Queuing <_cr_filter_fuzzy> routine. . .
Traceback (most recent call last):
  File "/home/zhao/NGS/code/naiveFL_analysis.py", line 106, in <module>
    pip.run(data, save_summary=False)         # run the queue
  File "/home/zhao/NGS/code/utils/ProcessHandlers.py", line 369, in run
    data = func(data)
  File "/home/zhao/NGS/code/utils/ProcessHandlers.py", line 1096, in _cr_filter_fuzzy
    if _ham(seq[p:p+L], block) <= tol:
  File "/home/zhao/NGS/code/utils/ProcessHandlers.py", line 1070, in _ham
    return sum(x != y for x, y in zip(a, b))
  File "/home/zhao/NGS/code/utils/ProcessHandlers.py", line 1070, in <genexpr>
    return sum(x != y for x, y in zip(a, b))
KeyboardInterrupt
[INFO]: The following handler was succesfully initialized: <Pipeline object; current queue size: 0 routine(s)>
[INFO]: The following handler was succesfully initialized: <FastqParser object>
[INFO]: Fetching split.1.fastq.gz. . .
[INFO]: 10 routines appended to pipeline; current queue size: 10
[INFO]: split.1.fastq DNA dataset shape: (223100,)
[INFO]: split.1.fastq Q score dataset shape: (223100,)
[INFO]: split.1.fastq Peptide dataset shape: None
[INFO]: -----------------------------------------------------------------
[INFO]: Queuing <translate_dna> routine. . .
[INFO]: The operation took 28.732 s
[INFO]: split.1.fastq DNA dataset shape: (223100, 10457)
[INFO]: split.1.fastq Q score dataset shape: (223100, 10457)
[INFO]: split.1.fastq Peptide dataset shape: (223100, 536)
[INFO]: -----------------------------------------------------------------
[INFO]: Queuing <q_score_filter> routine. . .
[INFO]: The operation took 10.679 s
[INFO]: split.1.fastq DNA dataset shape: (223100, 10457)
[INFO]: split.1.fastq Q score dataset shape: (223100, 10457)
[INFO]: split.1.fastq Peptide dataset shape: (223100, 536)
[INFO]: -----------------------------------------------------------------
[INFO]: Queuing <_cr_filter_fuzzy> routine. . .
[INFO]: The operation took 261.944 s
[INFO]: split.1.fastq DNA dataset shape: (39468, 10457)
[INFO]: split.1.fastq Q score dataset shape: (39468, 10457)
[INFO]: split.1.fastq Peptide dataset shape: (39468, 536)
[INFO]: -----------------------------------------------------------------
[INFO]: Queuing <fetch_fuzzy> routine. . .
[INFO]: The operation took 103.31 s
[INFO]: split.1.fastq DNA dataset shape: (39468, 10457)
[INFO]: split.1.fastq Q score dataset shape: (39468, 10457)
[INFO]: split.1.fastq Peptide dataset shape: (39468, 474)
[INFO]: -----------------------------------------------------------------
[INFO]: Queuing <full_count_summary> routine. . .
[INFO]: The operation took 50.659 s
[INFO]: split.1.fastq DNA dataset shape: (39468, 10457)
[INFO]: split.1.fastq Q score dataset shape: (39468, 10457)
[INFO]: split.1.fastq Peptide dataset shape: (39468, 474)
[INFO]: -----------------------------------------------------------------
[INFO]: Queuing <full_count_summary> routine. . .
[INFO]: The operation took 2.927 s
[INFO]: split.1.fastq DNA dataset shape: (39468, 10457)
[INFO]: split.1.fastq Q score dataset shape: (39468, 10457)
[INFO]: split.1.fastq Peptide dataset shape: (39468, 474)
[INFO]: -----------------------------------------------------------------
[INFO]: Queuing <template_breakdown> routine. . .
[INFO]: The operation took 0.003 s
[INFO]: split.1.fastq DNA dataset shape: (39468, 10457)
[INFO]: split.1.fastq Q score dataset shape: (39468, 10457)
[INFO]: split.1.fastq Peptide dataset shape: (39468, 474)
[INFO]: -----------------------------------------------------------------
[INFO]: Queuing <unpad_data> routine. . .
[INFO]: The operation took 1.333 s
[INFO]: split.1.fastq DNA dataset shape: (39468, 1643)
[INFO]: split.1.fastq Q score dataset shape: (39468, 1643)
[INFO]: split.1.fastq Peptide dataset shape: (39468, 474)
[INFO]: -----------------------------------------------------------------
[INFO]: Queuing <save_data> routine. . .
[INFO]: The operation took 0.045 s
[INFO]: split.1.fastq DNA dataset shape: (39468, 1643)
[INFO]: split.1.fastq Q score dataset shape: (39468, 1643)
[INFO]: split.1.fastq Peptide dataset shape: (39468, 474)
[INFO]: -----------------------------------------------------------------
[INFO]: Queuing <template_breakdown> routine. . .
[INFO]: The operation took 0.003 s
[INFO]: split.1.fastq DNA dataset shape: (39468, 1643)
[INFO]: split.1.fastq Q score dataset shape: (39468, 1643)
[INFO]: split.1.fastq Peptide dataset shape: (39468, 474)
[INFO]: -----------------------------------------------------------------
[INFO]: Fetching split.2.fastq.gz. . .
[INFO]: 10 routines appended to pipeline; current queue size: 10
[INFO]: split.2.fastq DNA dataset shape: (223100,)
[INFO]: split.2.fastq Q score dataset shape: (223100,)
[INFO]: split.2.fastq Peptide dataset shape: None
[INFO]: -----------------------------------------------------------------
[INFO]: Queuing <translate_dna> routine. . .
[INFO]: The operation took 20.857 s
[INFO]: split.2.fastq DNA dataset shape: (223100, 3383)
[INFO]: split.2.fastq Q score dataset shape: (223100, 3383)
[INFO]: split.2.fastq Peptide dataset shape: (223100, 530)
[INFO]: -----------------------------------------------------------------
[INFO]: Queuing <q_score_filter> routine. . .
[INFO]: The operation took 1.043 s
[INFO]: split.2.fastq DNA dataset shape: (223100, 3383)
[INFO]: split.2.fastq Q score dataset shape: (223100, 3383)
[INFO]: split.2.fastq Peptide dataset shape: (223100, 530)
[INFO]: -----------------------------------------------------------------
[INFO]: Queuing <_cr_filter_fuzzy> routine. . .
[INFO]: The operation took 263.179 s
[INFO]: split.2.fastq DNA dataset shape: (39369, 3383)
[INFO]: split.2.fastq Q score dataset shape: (39369, 3383)
[INFO]: split.2.fastq Peptide dataset shape: (39369, 530)
[INFO]: -----------------------------------------------------------------
[INFO]: Queuing <fetch_fuzzy> routine. . .
[INFO]: The operation took 103.197 s
[INFO]: split.2.fastq DNA dataset shape: (39369, 3383)
[INFO]: split.2.fastq Q score dataset shape: (39369, 3383)
[INFO]: split.2.fastq Peptide dataset shape: (39369, 520)
[INFO]: -----------------------------------------------------------------
[INFO]: Queuing <full_count_summary> routine. . .
[INFO]: The operation took 18.595 s
[INFO]: split.2.fastq DNA dataset shape: (39369, 3383)
[INFO]: split.2.fastq Q score dataset shape: (39369, 3383)
[INFO]: split.2.fastq Peptide dataset shape: (39369, 520)
[INFO]: -----------------------------------------------------------------
[INFO]: Queuing <full_count_summary> routine. . .
[INFO]: The operation took 3.095 s
[INFO]: split.2.fastq DNA dataset shape: (39369, 3383)
[INFO]: split.2.fastq Q score dataset shape: (39369, 3383)
[INFO]: split.2.fastq Peptide dataset shape: (39369, 520)
[INFO]: -----------------------------------------------------------------
[INFO]: Queuing <template_breakdown> routine. . .
[INFO]: The operation took 0.003 s
[INFO]: split.2.fastq DNA dataset shape: (39369, 3383)
[INFO]: split.2.fastq Q score dataset shape: (39369, 3383)
[INFO]: split.2.fastq Peptide dataset shape: (39369, 520)
[INFO]: -----------------------------------------------------------------
[INFO]: Queuing <unpad_data> routine. . .
[INFO]: The operation took 0.611 s
[INFO]: split.2.fastq DNA dataset shape: (39369, 1656)
[INFO]: split.2.fastq Q score dataset shape: (39369, 1656)
[INFO]: split.2.fastq Peptide dataset shape: (39369, 520)
[INFO]: -----------------------------------------------------------------
[INFO]: Queuing <save_data> routine. . .
[INFO]: The operation took 0.039 s
[INFO]: split.2.fastq DNA dataset shape: (39369, 1656)
[INFO]: split.2.fastq Q score dataset shape: (39369, 1656)
[INFO]: split.2.fastq Peptide dataset shape: (39369, 520)
[INFO]: -----------------------------------------------------------------
[INFO]: Queuing <template_breakdown> routine. . .
[INFO]: The operation took 0.003 s
[INFO]: split.2.fastq DNA dataset shape: (39369, 1656)
[INFO]: split.2.fastq Q score dataset shape: (39369, 1656)
[INFO]: split.2.fastq Peptide dataset shape: (39369, 520)
[INFO]: -----------------------------------------------------------------
[INFO]: Fetching split.3.fastq.gz. . .
[INFO]: 10 routines appended to pipeline; current queue size: 10
[INFO]: split.3.fastq DNA dataset shape: (223100,)
[INFO]: split.3.fastq Q score dataset shape: (223100,)
[INFO]: split.3.fastq Peptide dataset shape: None
[INFO]: -----------------------------------------------------------------
[INFO]: Queuing <translate_dna> routine. . .
Traceback (most recent call last):
  File "/home/zhao/NGS/code/naiveFL_analysis.py", line 106, in <module>
    pip.run(data, save_summary=False)         # run the queue
  File "/home/zhao/NGS/code/utils/ProcessHandlers.py", line 369, in run
    data = func(data)
  File "/home/zhao/NGS/code/utils/ProcessHandlers.py", line 621, in translate_dna
    sample.P = np.array([self._dna_to_pep(
  File "/home/zhao/NGS/code/utils/ProcessHandlers.py", line 621, in <listcomp>
    sample.P = np.array([self._dna_to_pep(
  File "/home/zhao/NGS/code/utils/ProcessHandlers.py", line 466, in _dna_to_pep
    orf = find_orf(seq)
KeyboardInterrupt
[INFO]: The following handler was succesfully initialized: <Pipeline object; current queue size: 0 routine(s)>
[INFO]: The following handler was succesfully initialized: <FastqParser object>
[INFO]: Fetching split.1.fastq.gz. . .
[INFO]: 10 routines appended to pipeline; current queue size: 10
[INFO]: split.1.fastq DNA dataset shape: (223100,)
[INFO]: split.1.fastq Q score dataset shape: (223100,)
[INFO]: split.1.fastq Peptide dataset shape: None
[INFO]: -----------------------------------------------------------------
[INFO]: Queuing <translate_dna> routine. . .
[INFO]: The operation took 28.615 s
[INFO]: split.1.fastq DNA dataset shape: (223100, 10457)
[INFO]: split.1.fastq Q score dataset shape: (223100, 10457)
[INFO]: split.1.fastq Peptide dataset shape: (223100, 536)
[INFO]: -----------------------------------------------------------------
[INFO]: Queuing <q_score_filter> routine. . .
[INFO]: The operation took 10.088 s
[INFO]: split.1.fastq DNA dataset shape: (223100, 10457)
[INFO]: split.1.fastq Q score dataset shape: (223100, 10457)
[INFO]: split.1.fastq Peptide dataset shape: (223100, 536)
[INFO]: -----------------------------------------------------------------
[INFO]: Queuing <_cr_filter_fuzzy> routine. . .
[INFO]: The operation took 262.24 s
[INFO]: split.1.fastq DNA dataset shape: (39468, 10457)
[INFO]: split.1.fastq Q score dataset shape: (39468, 10457)
[INFO]: split.1.fastq Peptide dataset shape: (39468, 536)
[INFO]: -----------------------------------------------------------------
[INFO]: Queuing <fetch_fuzzy> routine. . .
[INFO]: The operation took 103.104 s
[INFO]: split.1.fastq DNA dataset shape: (39468, 10457)
[INFO]: split.1.fastq Q score dataset shape: (39468, 10457)
[INFO]: split.1.fastq Peptide dataset shape: (39468, 474)
[INFO]: -----------------------------------------------------------------
[INFO]: Queuing <full_count_summary> routine. . .
[INFO]: The operation took 47.374 s
[INFO]: split.1.fastq DNA dataset shape: (39468, 10457)
[INFO]: split.1.fastq Q score dataset shape: (39468, 10457)
[INFO]: split.1.fastq Peptide dataset shape: (39468, 474)
[INFO]: -----------------------------------------------------------------
[INFO]: Queuing <full_count_summary> routine. . .
[INFO]: The operation took 2.854 s
[INFO]: split.1.fastq DNA dataset shape: (39468, 10457)
[INFO]: split.1.fastq Q score dataset shape: (39468, 10457)
[INFO]: split.1.fastq Peptide dataset shape: (39468, 474)
[INFO]: -----------------------------------------------------------------
[INFO]: Queuing <template_breakdown> routine. . .
[INFO]: The operation took 0.003 s
[INFO]: split.1.fastq DNA dataset shape: (39468, 10457)
[INFO]: split.1.fastq Q score dataset shape: (39468, 10457)
[INFO]: split.1.fastq Peptide dataset shape: (39468, 474)
[INFO]: -----------------------------------------------------------------
[INFO]: Queuing <unpad_data> routine. . .
[INFO]: The operation took 1.322 s
[INFO]: split.1.fastq DNA dataset shape: (39468, 1643)
[INFO]: split.1.fastq Q score dataset shape: (39468, 1643)
[INFO]: split.1.fastq Peptide dataset shape: (39468, 474)
[INFO]: -----------------------------------------------------------------
[INFO]: Queuing <save_data> routine. . .
[INFO]: The operation took 0.05 s
[INFO]: split.1.fastq DNA dataset shape: (39468, 1643)
[INFO]: split.1.fastq Q score dataset shape: (39468, 1643)
[INFO]: split.1.fastq Peptide dataset shape: (39468, 474)
[INFO]: -----------------------------------------------------------------
[INFO]: Queuing <template_breakdown> routine. . .
[INFO]: The operation took 0.003 s
[INFO]: split.1.fastq DNA dataset shape: (39468, 1643)
[INFO]: split.1.fastq Q score dataset shape: (39468, 1643)
[INFO]: split.1.fastq Peptide dataset shape: (39468, 474)
[INFO]: -----------------------------------------------------------------
[INFO]: Fetching split.2.fastq.gz. . .
[INFO]: 10 routines appended to pipeline; current queue size: 10
[INFO]: split.2.fastq DNA dataset shape: (223100,)
[INFO]: split.2.fastq Q score dataset shape: (223100,)
[INFO]: split.2.fastq Peptide dataset shape: None
[INFO]: -----------------------------------------------------------------
[INFO]: Queuing <translate_dna> routine. . .
[INFO]: The operation took 21.047 s
[INFO]: split.2.fastq DNA dataset shape: (223100, 3383)
[INFO]: split.2.fastq Q score dataset shape: (223100, 3383)
[INFO]: split.2.fastq Peptide dataset shape: (223100, 530)
[INFO]: -----------------------------------------------------------------
[INFO]: Queuing <q_score_filter> routine. . .
[INFO]: The operation took 1.049 s
[INFO]: split.2.fastq DNA dataset shape: (223100, 3383)
[INFO]: split.2.fastq Q score dataset shape: (223100, 3383)
[INFO]: split.2.fastq Peptide dataset shape: (223100, 530)
[INFO]: -----------------------------------------------------------------
[INFO]: Queuing <_cr_filter_fuzzy> routine. . .
[INFO]: The operation took 261.299 s
[INFO]: split.2.fastq DNA dataset shape: (39369, 3383)
[INFO]: split.2.fastq Q score dataset shape: (39369, 3383)
[INFO]: split.2.fastq Peptide dataset shape: (39369, 530)
[INFO]: -----------------------------------------------------------------
[INFO]: Queuing <fetch_fuzzy> routine. . .
[INFO]: The operation took 103.258 s
[INFO]: split.2.fastq DNA dataset shape: (39369, 3383)
[INFO]: split.2.fastq Q score dataset shape: (39369, 3383)
[INFO]: split.2.fastq Peptide dataset shape: (39369, 520)
[INFO]: -----------------------------------------------------------------
[INFO]: Queuing <full_count_summary> routine. . .
[INFO]: The operation took 17.659 s
[INFO]: split.2.fastq DNA dataset shape: (39369, 3383)
[INFO]: split.2.fastq Q score dataset shape: (39369, 3383)
[INFO]: split.2.fastq Peptide dataset shape: (39369, 520)
[INFO]: -----------------------------------------------------------------
[INFO]: Queuing <full_count_summary> routine. . .
[INFO]: The operation took 2.948 s
[INFO]: split.2.fastq DNA dataset shape: (39369, 3383)
[INFO]: split.2.fastq Q score dataset shape: (39369, 3383)
[INFO]: split.2.fastq Peptide dataset shape: (39369, 520)
[INFO]: -----------------------------------------------------------------
[INFO]: Queuing <template_breakdown> routine. . .
[INFO]: The operation took 0.003 s
[INFO]: split.2.fastq DNA dataset shape: (39369, 3383)
[INFO]: split.2.fastq Q score dataset shape: (39369, 3383)
[INFO]: split.2.fastq Peptide dataset shape: (39369, 520)
[INFO]: -----------------------------------------------------------------
[INFO]: Queuing <unpad_data> routine. . .
[INFO]: The operation took 0.624 s
[INFO]: split.2.fastq DNA dataset shape: (39369, 1656)
[INFO]: split.2.fastq Q score dataset shape: (39369, 1656)
[INFO]: split.2.fastq Peptide dataset shape: (39369, 520)
[INFO]: -----------------------------------------------------------------
[INFO]: Queuing <save_data> routine. . .
[INFO]: The operation took 0.05 s
[INFO]: split.2.fastq DNA dataset shape: (39369, 1656)
[INFO]: split.2.fastq Q score dataset shape: (39369, 1656)
[INFO]: split.2.fastq Peptide dataset shape: (39369, 520)
[INFO]: -----------------------------------------------------------------
[INFO]: Queuing <template_breakdown> routine. . .
[INFO]: The operation took 0.003 s
[INFO]: split.2.fastq DNA dataset shape: (39369, 1656)
[INFO]: split.2.fastq Q score dataset shape: (39369, 1656)
[INFO]: split.2.fastq Peptide dataset shape: (39369, 520)
[INFO]: -----------------------------------------------------------------
[INFO]: Fetching split.3.fastq.gz. . .
[INFO]: 10 routines appended to pipeline; current queue size: 10
[INFO]: split.3.fastq DNA dataset shape: (223100,)
[INFO]: split.3.fastq Q score dataset shape: (223100,)
[INFO]: split.3.fastq Peptide dataset shape: None
[INFO]: -----------------------------------------------------------------
[INFO]: Queuing <translate_dna> routine. . .
[INFO]: The operation took 20.318 s
[INFO]: split.3.fastq DNA dataset shape: (223100, 3331)
[INFO]: split.3.fastq Q score dataset shape: (223100, 3331)
[INFO]: split.3.fastq Peptide dataset shape: (223100, 526)
[INFO]: -----------------------------------------------------------------
[INFO]: Queuing <q_score_filter> routine. . .
[INFO]: The operation took 1.021 s
[INFO]: split.3.fastq DNA dataset shape: (223100, 3331)
[INFO]: split.3.fastq Q score dataset shape: (223100, 3331)
[INFO]: split.3.fastq Peptide dataset shape: (223100, 526)
[INFO]: -----------------------------------------------------------------
[INFO]: Queuing <_cr_filter_fuzzy> routine. . .
Traceback (most recent call last):
  File "/home/zhao/NGS/code/naiveFL_analysis.py", line 106, in <module>
    pip.run(data, save_summary=False)         # run the queue
  File "/home/zhao/NGS/code/utils/ProcessHandlers.py", line 369, in run
    data = func(data)
  File "/home/zhao/NGS/code/utils/ProcessHandlers.py", line 1096, in _cr_filter_fuzzy
    if _ham(seq[p:p+L], block) <= tol:
  File "/home/zhao/NGS/code/utils/ProcessHandlers.py", line 1070, in _ham
    return sum(x != y for x, y in zip(a, b))
  File "/home/zhao/NGS/code/utils/ProcessHandlers.py", line 1070, in <genexpr>
    return sum(x != y for x, y in zip(a, b))
KeyboardInterrupt
[INFO]: The following handler was succesfully initialized: <Pipeline object; current queue size: 0 routine(s)>
[INFO]: The following handler was succesfully initialized: <FastqParser object>
[INFO]: Fetching split.1.fastq.gz. . .
[INFO]: 10 routines appended to pipeline; current queue size: 10
[INFO]: split.1.fastq DNA dataset shape: (223100,)
[INFO]: split.1.fastq Q score dataset shape: (223100,)
[INFO]: split.1.fastq Peptide dataset shape: None
[INFO]: -----------------------------------------------------------------
[INFO]: Queuing <translate_dna> routine. . .
[INFO]: The operation took 27.833 s
[INFO]: split.1.fastq DNA dataset shape: (223100, 10457)
[INFO]: split.1.fastq Q score dataset shape: (223100, 10457)
[INFO]: split.1.fastq Peptide dataset shape: (223100, 536)
[INFO]: -----------------------------------------------------------------
[INFO]: Queuing <q_score_filter> routine. . .
[INFO]: The operation took 9.31 s
[INFO]: split.1.fastq DNA dataset shape: (223100, 10457)
[INFO]: split.1.fastq Q score dataset shape: (223100, 10457)
[INFO]: split.1.fastq Peptide dataset shape: (223100, 536)
[INFO]: -----------------------------------------------------------------
[INFO]: Queuing <_cr_filter_fuzzy> routine. . .
[INFO]: The operation took 267.134 s
[INFO]: split.1.fastq DNA dataset shape: (39666, 10457)
[INFO]: split.1.fastq Q score dataset shape: (39666, 10457)
[INFO]: split.1.fastq Peptide dataset shape: (39666, 536)
[INFO]: -----------------------------------------------------------------
[INFO]: Queuing <fetch_fuzzy> routine. . .
Traceback (most recent call last):
  File "/home/zhao/NGS/code/naiveFL_analysis.py", line 106, in <module>
    pip.run(data, save_summary=False)         # run the queue
  File "/home/zhao/NGS/code/utils/ProcessHandlers.py", line 369, in run
    data = func(data)
  File "/home/zhao/NGS/code/utils/ProcessHandlers.py", line 1671, in fetch_fuzzy
    if _ham(seq[p:p+L], ref) <= tol:
  File "/home/zhao/NGS/code/utils/ProcessHandlers.py", line 1622, in _ham
    return sum(x != y for x, y in zip(a, b))
  File "/home/zhao/NGS/code/utils/ProcessHandlers.py", line 1622, in <genexpr>
    return sum(x != y for x, y in zip(a, b))
KeyboardInterrupt
[INFO]: The following handler was succesfully initialized: <Pipeline object; current queue size: 0 routine(s)>
[INFO]: The following handler was succesfully initialized: <FastqParser object>
[INFO]: Fetching split.1.fastq.gz. . .
[INFO]: 9 routines appended to pipeline; current queue size: 9
[INFO]: split.1.fastq DNA dataset shape: (223100,)
[INFO]: split.1.fastq Q score dataset shape: (223100,)
[INFO]: split.1.fastq Peptide dataset shape: None
[INFO]: -----------------------------------------------------------------
[INFO]: Queuing <translate_dna> routine. . .
[INFO]: The operation took 27.627 s
[INFO]: split.1.fastq DNA dataset shape: (223100, 10457)
[INFO]: split.1.fastq Q score dataset shape: (223100, 10457)
[INFO]: split.1.fastq Peptide dataset shape: (223100, 536)
[INFO]: -----------------------------------------------------------------
[INFO]: Queuing <q_score_filter> routine. . .
[INFO]: The operation took 8.943 s
[INFO]: split.1.fastq DNA dataset shape: (223100, 10457)
[INFO]: split.1.fastq Q score dataset shape: (223100, 10457)
[INFO]: split.1.fastq Peptide dataset shape: (223100, 536)
[INFO]: -----------------------------------------------------------------
[INFO]: Queuing <fetch_fuzzy> routine. . .
[INFO]: The operation took 617.842 s
[INFO]: split.1.fastq DNA dataset shape: (223100, 10457)
[INFO]: split.1.fastq Q score dataset shape: (223100, 10457)
[INFO]: split.1.fastq Peptide dataset shape: (223100, 2851)
[INFO]: -----------------------------------------------------------------
[INFO]: Queuing <full_count_summary> routine. . .
Traceback (most recent call last):
  File "/home/zhao/NGS/code/naiveFL_analysis.py", line 106, in <module>
    pip.run(data, save_summary=False)         # run the queue
  File "/home/zhao/NGS/code/utils/ProcessHandlers.py", line 369, in run
    data = func(data)
  File "/home/zhao/NGS/code/utils/ProcessHandlers.py", line 2057, in full_count_summary
    unique, og_ind, counts = np.unique(arr, axis=0, 
  File "/home/zhao/NGS_env/lib/python3.10/site-packages/numpy/lib/_arraysetops_impl.py", line 331, in unique
    output = _unique1d(consolidated, return_index,
  File "/home/zhao/NGS_env/lib/python3.10/site-packages/numpy/lib/_arraysetops_impl.py", line 350, in _unique1d
    perm = ar.argsort(kind='mergesort' if return_index else 'quicksort')
KeyboardInterrupt
[INFO]: The following handler was succesfully initialized: <Pipeline object; current queue size: 0 routine(s)>
[INFO]: The following handler was succesfully initialized: <FastqParser object>
[INFO]: Fetching split.1.fastq.gz. . .
[INFO]: 10 routines appended to pipeline; current queue size: 10
[INFO]: split.1.fastq DNA dataset shape: (223100,)
[INFO]: split.1.fastq Q score dataset shape: (223100,)
[INFO]: split.1.fastq Peptide dataset shape: None
[INFO]: -----------------------------------------------------------------
[INFO]: Queuing <translate_dna> routine. . .
[INFO]: The operation took 27.514 s
[INFO]: split.1.fastq DNA dataset shape: (223100, 10457)
[INFO]: split.1.fastq Q score dataset shape: (223100, 10457)
[INFO]: split.1.fastq Peptide dataset shape: (223100, 536)
[INFO]: -----------------------------------------------------------------
[INFO]: Queuing <q_score_filter> routine. . .
[INFO]: The operation took 9.262 s
[INFO]: split.1.fastq DNA dataset shape: (223100, 10457)
[INFO]: split.1.fastq Q score dataset shape: (223100, 10457)
[INFO]: split.1.fastq Peptide dataset shape: (223100, 536)
[INFO]: -----------------------------------------------------------------
[INFO]: Queuing <_cr_filter_fuzzy> routine. . .
[INFO]: The operation took 265.196 s
[INFO]: split.1.fastq DNA dataset shape: (39468, 10457)
[INFO]: split.1.fastq Q score dataset shape: (39468, 10457)
[INFO]: split.1.fastq Peptide dataset shape: (39468, 536)
[INFO]: -----------------------------------------------------------------
[INFO]: Queuing <fetch_fuzzy> routine. . .
Traceback (most recent call last):
  File "/home/zhao/NGS/code/naiveFL_analysis.py", line 106, in <module>
    pip.run(data, save_summary=False)         # run the queue
  File "/home/zhao/NGS/code/utils/ProcessHandlers.py", line 369, in run
    data = func(data)
  File "/home/zhao/NGS/code/utils/ProcessHandlers.py", line 1659, in fetch_fuzzy
    if _ham(seq[p:p+L], ref) <= tol:
  File "/home/zhao/NGS/code/utils/ProcessHandlers.py", line 1622, in _ham
    return sum(x != y for x, y in zip(a, b))
  File "/home/zhao/NGS/code/utils/ProcessHandlers.py", line 1622, in <genexpr>
    return sum(x != y for x, y in zip(a, b))
KeyboardInterrupt
[INFO]: The following handler was succesfully initialized: <Pipeline object; current queue size: 0 routine(s)>
[INFO]: The following handler was succesfully initialized: <FastqParser object>
[INFO]: Fetching split.1.fastq.gz. . .
[INFO]: 10 routines appended to pipeline; current queue size: 10
[INFO]: split.1.fastq DNA dataset shape: (223100,)
[INFO]: split.1.fastq Q score dataset shape: (223100,)
[INFO]: split.1.fastq Peptide dataset shape: None
[INFO]: -----------------------------------------------------------------
[INFO]: Queuing <translate_dna> routine. . .
[INFO]: The operation took 27.426 s
[INFO]: split.1.fastq DNA dataset shape: (223100, 10457)
[INFO]: split.1.fastq Q score dataset shape: (223100, 10457)
[INFO]: split.1.fastq Peptide dataset shape: (223100, 536)
[INFO]: -----------------------------------------------------------------
[INFO]: Queuing <q_score_filter> routine. . .
[INFO]: The operation took 9.264 s
[INFO]: split.1.fastq DNA dataset shape: (223100, 10457)
[INFO]: split.1.fastq Q score dataset shape: (223100, 10457)
[INFO]: split.1.fastq Peptide dataset shape: (223100, 536)
[INFO]: -----------------------------------------------------------------
[INFO]: Queuing <_cr_filter_fuzzy> routine. . .
[INFO]: The operation took 263.377 s
[INFO]: split.1.fastq DNA dataset shape: (39468, 10457)
[INFO]: split.1.fastq Q score dataset shape: (39468, 10457)
[INFO]: split.1.fastq Peptide dataset shape: (39468, 536)
[INFO]: -----------------------------------------------------------------
[INFO]: Queuing <fetch_fuzzy> routine. . .
Traceback (most recent call last):
  File "/home/zhao/NGS/code/naiveFL_analysis.py", line 106, in <module>
    pip.run(data, save_summary=False)         # run the queue
  File "/home/zhao/NGS/code/utils/ProcessHandlers.py", line 369, in run
    data = func(data)
  File "/home/zhao/NGS/code/utils/ProcessHandlers.py", line 1659, in fetch_fuzzy
    if _ham(seq[p:p+L], ref) <= tol:
  File "/home/zhao/NGS/code/utils/ProcessHandlers.py", line 1622, in _ham
    return sum(x != y for x, y in zip(a, b))
  File "/home/zhao/NGS/code/utils/ProcessHandlers.py", line 1622, in <genexpr>
    return sum(x != y for x, y in zip(a, b))
KeyboardInterrupt
[INFO]: The following handler was succesfully initialized: <Pipeline object; current queue size: 0 routine(s)>
[INFO]: The following handler was succesfully initialized: <FastqParser object>
[INFO]: Fetching split.1.fastq.gz. . .
[INFO]: 10 routines appended to pipeline; current queue size: 10
[INFO]: split.1.fastq DNA dataset shape: (223100,)
[INFO]: split.1.fastq Q score dataset shape: (223100,)
[INFO]: split.1.fastq Peptide dataset shape: None
[INFO]: -----------------------------------------------------------------
[INFO]: Queuing <translate_dna> routine. . .
[INFO]: The operation took 27.499 s
[INFO]: split.1.fastq DNA dataset shape: (223100, 10457)
[INFO]: split.1.fastq Q score dataset shape: (223100, 10457)
[INFO]: split.1.fastq Peptide dataset shape: (223100, 536)
[INFO]: -----------------------------------------------------------------
[INFO]: Queuing <q_score_filter> routine. . .
[INFO]: The operation took 9.163 s
[INFO]: split.1.fastq DNA dataset shape: (223100, 10457)
[INFO]: split.1.fastq Q score dataset shape: (223100, 10457)
[INFO]: split.1.fastq Peptide dataset shape: (223100, 536)
[INFO]: -----------------------------------------------------------------
[INFO]: Queuing <_cr_filter_fuzzy> routine. . .
[INFO]: The operation took 139.218 s
[INFO]: split.1.fastq DNA dataset shape: (59830, 10457)
[INFO]: split.1.fastq Q score dataset shape: (59830, 10457)
[INFO]: split.1.fastq Peptide dataset shape: (59830, 536)
[INFO]: -----------------------------------------------------------------
[INFO]: Queuing <fetch_fuzzy> routine. . .
[INFO]: The operation took 212.154 s
[INFO]: split.1.fastq DNA dataset shape: (59830, 10457)
[INFO]: split.1.fastq Q score dataset shape: (59830, 10457)
[INFO]: split.1.fastq Peptide dataset shape: (59830, 1823)
[INFO]: -----------------------------------------------------------------
[INFO]: Queuing <full_count_summary> routine. . .
[INFO]: The operation took 81.798 s
[INFO]: split.1.fastq DNA dataset shape: (59830, 10457)
[INFO]: split.1.fastq Q score dataset shape: (59830, 10457)
[INFO]: split.1.fastq Peptide dataset shape: (59830, 1823)
[INFO]: -----------------------------------------------------------------
[INFO]: Queuing <full_count_summary> routine. . .
[INFO]: The operation took 14.45 s
[INFO]: split.1.fastq DNA dataset shape: (59830, 10457)
[INFO]: split.1.fastq Q score dataset shape: (59830, 10457)
[INFO]: split.1.fastq Peptide dataset shape: (59830, 1823)
[INFO]: -----------------------------------------------------------------
[INFO]: Queuing <template_breakdown> routine. . .
[INFO]: The operation took 0.005 s
[INFO]: split.1.fastq DNA dataset shape: (59830, 10457)
[INFO]: split.1.fastq Q score dataset shape: (59830, 10457)
[INFO]: split.1.fastq Peptide dataset shape: (59830, 1823)
[INFO]: -----------------------------------------------------------------
[INFO]: Queuing <unpad_data> routine. . .
[INFO]: The operation took 2.546 s
[INFO]: split.1.fastq DNA dataset shape: (59830, 2472)
[INFO]: split.1.fastq Q score dataset shape: (59830, 2472)
[INFO]: split.1.fastq Peptide dataset shape: (59830, 1823)
[INFO]: -----------------------------------------------------------------
[INFO]: Queuing <save_data> routine. . .
[INFO]: The operation took 0.216 s
[INFO]: split.1.fastq DNA dataset shape: (59830, 2472)
[INFO]: split.1.fastq Q score dataset shape: (59830, 2472)
[INFO]: split.1.fastq Peptide dataset shape: (59830, 1823)
[INFO]: -----------------------------------------------------------------
[INFO]: Queuing <template_breakdown> routine. . .
[INFO]: The operation took 0.003 s
[INFO]: split.1.fastq DNA dataset shape: (59830, 2472)
[INFO]: split.1.fastq Q score dataset shape: (59830, 2472)
[INFO]: split.1.fastq Peptide dataset shape: (59830, 1823)
[INFO]: -----------------------------------------------------------------
[INFO]: Fetching split.2.fastq.gz. . .
[INFO]: 10 routines appended to pipeline; current queue size: 10
[INFO]: split.2.fastq DNA dataset shape: (223100,)
[INFO]: split.2.fastq Q score dataset shape: (223100,)
[INFO]: split.2.fastq Peptide dataset shape: None
[INFO]: -----------------------------------------------------------------
[INFO]: Queuing <translate_dna> routine. . .
[INFO]: The operation took 20.809 s
[INFO]: split.2.fastq DNA dataset shape: (223100, 3383)
[INFO]: split.2.fastq Q score dataset shape: (223100, 3383)
[INFO]: split.2.fastq Peptide dataset shape: (223100, 530)
[INFO]: -----------------------------------------------------------------
[INFO]: Queuing <q_score_filter> routine. . .
[INFO]: The operation took 1.046 s
[INFO]: split.2.fastq DNA dataset shape: (223100, 3383)
[INFO]: split.2.fastq Q score dataset shape: (223100, 3383)
[INFO]: split.2.fastq Peptide dataset shape: (223100, 530)
[INFO]: -----------------------------------------------------------------
[INFO]: Queuing <_cr_filter_fuzzy> routine. . .
[INFO]: The operation took 138.292 s
[INFO]: split.2.fastq DNA dataset shape: (59800, 3383)
[INFO]: split.2.fastq Q score dataset shape: (59800, 3383)
[INFO]: split.2.fastq Peptide dataset shape: (59800, 530)
[INFO]: -----------------------------------------------------------------
[INFO]: Queuing <fetch_fuzzy> routine. . .
Traceback (most recent call last):
  File "/home/zhao/NGS/code/naiveFL_analysis.py", line 106, in <module>
    pip.run(data, save_summary=False)         # run the queue
  File "/home/zhao/NGS/code/utils/ProcessHandlers.py", line 369, in run
    data = func(data)
  File "/home/zhao/NGS/code/utils/ProcessHandlers.py", line 1659, in fetch_fuzzy
    if _ham(seq[p:p+L], ref) <= tol:
  File "/home/zhao/NGS/code/utils/ProcessHandlers.py", line 1622, in _ham
    return sum(x != y for x, y in zip(a, b))
KeyboardInterrupt
[INFO]: The following handler was succesfully initialized: <Pipeline object; current queue size: 0 routine(s)>
[INFO]: The following handler was succesfully initialized: <FastqParser object>
[INFO]: Fetching split.1.fastq.gz. . .
[INFO]: 10 routines appended to pipeline; current queue size: 10
[INFO]: split.1.fastq DNA dataset shape: (223100,)
[INFO]: split.1.fastq Q score dataset shape: (223100,)
[INFO]: split.1.fastq Peptide dataset shape: None
[INFO]: -----------------------------------------------------------------
[INFO]: Queuing <translate_dna> routine. . .
[INFO]: The operation took 28.648 s
[INFO]: split.1.fastq DNA dataset shape: (223100, 10457)
[INFO]: split.1.fastq Q score dataset shape: (223100, 10457)
[INFO]: split.1.fastq Peptide dataset shape: (223100, 1098)
[INFO]: -----------------------------------------------------------------
[INFO]: Queuing <q_score_filter> routine. . .
[INFO]: The operation took 9.644 s
[INFO]: split.1.fastq DNA dataset shape: (223100, 10457)
[INFO]: split.1.fastq Q score dataset shape: (223100, 10457)
[INFO]: split.1.fastq Peptide dataset shape: (223100, 1098)
[INFO]: -----------------------------------------------------------------
[INFO]: Queuing <_cr_filter_fuzzy> routine. . .
[INFO]: The operation took 180.492 s
[INFO]: split.1.fastq DNA dataset shape: (63410, 10457)
[INFO]: split.1.fastq Q score dataset shape: (63410, 10457)
[INFO]: split.1.fastq Peptide dataset shape: (63410, 1098)
[INFO]: -----------------------------------------------------------------
[INFO]: Queuing <fetch_fuzzy> routine. . .
[INFO]: The operation took 227.413 s
[INFO]: split.1.fastq DNA dataset shape: (63410, 10457)
[INFO]: split.1.fastq Q score dataset shape: (63410, 10457)
[INFO]: split.1.fastq Peptide dataset shape: (63410, 4644)
[INFO]: -----------------------------------------------------------------
[INFO]: Queuing <full_count_summary> routine. . .
[INFO]: The operation took 112.055 s
[INFO]: split.1.fastq DNA dataset shape: (63410, 10457)
[INFO]: split.1.fastq Q score dataset shape: (63410, 10457)
[INFO]: split.1.fastq Peptide dataset shape: (63410, 4644)
[INFO]: -----------------------------------------------------------------
[INFO]: Queuing <full_count_summary> routine. . .
[INFO]: The operation took 37.861 s
[INFO]: split.1.fastq DNA dataset shape: (63410, 10457)
[INFO]: split.1.fastq Q score dataset shape: (63410, 10457)
[INFO]: split.1.fastq Peptide dataset shape: (63410, 4644)
[INFO]: -----------------------------------------------------------------
[INFO]: Queuing <template_breakdown> routine. . .
[INFO]: The operation took 0.005 s
[INFO]: split.1.fastq DNA dataset shape: (63410, 10457)
[INFO]: split.1.fastq Q score dataset shape: (63410, 10457)
[INFO]: split.1.fastq Peptide dataset shape: (63410, 4644)
[INFO]: -----------------------------------------------------------------
[INFO]: Queuing <unpad_data> routine. . .
[INFO]: The operation took 3.4 s
[INFO]: split.1.fastq DNA dataset shape: (63410, 3319)
[INFO]: split.1.fastq Q score dataset shape: (63410, 3319)
[INFO]: split.1.fastq Peptide dataset shape: (63410, 4644)
[INFO]: -----------------------------------------------------------------
[INFO]: Queuing <save_data> routine. . .
[INFO]: The operation took 0.589 s
[INFO]: split.1.fastq DNA dataset shape: (63410, 3319)
[INFO]: split.1.fastq Q score dataset shape: (63410, 3319)
[INFO]: split.1.fastq Peptide dataset shape: (63410, 4644)
[INFO]: -----------------------------------------------------------------
[INFO]: Queuing <template_breakdown> routine. . .
[INFO]: The operation took 0.003 s
[INFO]: split.1.fastq DNA dataset shape: (63410, 3319)
[INFO]: split.1.fastq Q score dataset shape: (63410, 3319)
[INFO]: split.1.fastq Peptide dataset shape: (63410, 4644)
[INFO]: -----------------------------------------------------------------
[INFO]: Fetching split.2.fastq.gz. . .
[INFO]: 10 routines appended to pipeline; current queue size: 10
[INFO]: split.2.fastq DNA dataset shape: (223100,)
[INFO]: split.2.fastq Q score dataset shape: (223100,)
[INFO]: split.2.fastq Peptide dataset shape: None
[INFO]: -----------------------------------------------------------------
[INFO]: Queuing <translate_dna> routine. . .
[INFO]: The operation took 20.95 s
[INFO]: split.2.fastq DNA dataset shape: (223100, 3383)
[INFO]: split.2.fastq Q score dataset shape: (223100, 3383)
[INFO]: split.2.fastq Peptide dataset shape: (223100, 832)
[INFO]: -----------------------------------------------------------------
[INFO]: Queuing <q_score_filter> routine. . .
[INFO]: The operation took 1.077 s
[INFO]: split.2.fastq DNA dataset shape: (223100, 3383)
[INFO]: split.2.fastq Q score dataset shape: (223100, 3383)
[INFO]: split.2.fastq Peptide dataset shape: (223100, 832)
[INFO]: -----------------------------------------------------------------
[INFO]: Queuing <_cr_filter_fuzzy> routine. . .
[INFO]: The operation took 172.135 s
[INFO]: split.2.fastq DNA dataset shape: (63420, 3383)
[INFO]: split.2.fastq Q score dataset shape: (63420, 3383)
[INFO]: split.2.fastq Peptide dataset shape: (63420, 832)
[INFO]: -----------------------------------------------------------------
[INFO]: Queuing <fetch_fuzzy> routine. . .
[INFO]: The operation took 226.56 s
[INFO]: split.2.fastq DNA dataset shape: (63420, 3383)
[INFO]: split.2.fastq Q score dataset shape: (63420, 3383)
[INFO]: split.2.fastq Peptide dataset shape: (63420, 4258)
[INFO]: -----------------------------------------------------------------
[INFO]: Queuing <full_count_summary> routine. . .
[INFO]: The operation took 59.569 s
[INFO]: split.2.fastq DNA dataset shape: (63420, 3383)
[INFO]: split.2.fastq Q score dataset shape: (63420, 3383)
[INFO]: split.2.fastq Peptide dataset shape: (63420, 4258)
[INFO]: -----------------------------------------------------------------
[INFO]: Queuing <full_count_summary> routine. . .
[INFO]: The operation took 35.581 s
[INFO]: split.2.fastq DNA dataset shape: (63420, 3383)
[INFO]: split.2.fastq Q score dataset shape: (63420, 3383)
[INFO]: split.2.fastq Peptide dataset shape: (63420, 4258)
[INFO]: -----------------------------------------------------------------
[INFO]: Queuing <template_breakdown> routine. . .
[INFO]: The operation took 0.004 s
[INFO]: split.2.fastq DNA dataset shape: (63420, 3383)
[INFO]: split.2.fastq Q score dataset shape: (63420, 3383)
[INFO]: split.2.fastq Peptide dataset shape: (63420, 4258)
[INFO]: -----------------------------------------------------------------
[INFO]: Queuing <unpad_data> routine. . .
[INFO]: The operation took 2.249 s
[INFO]: split.2.fastq DNA dataset shape: (63420, 3383)
[INFO]: split.2.fastq Q score dataset shape: (63420, 3383)
[INFO]: split.2.fastq Peptide dataset shape: (63420, 4258)
[INFO]: -----------------------------------------------------------------
[INFO]: Queuing <save_data> routine. . .
[INFO]: The operation took 0.462 s
[INFO]: split.2.fastq DNA dataset shape: (63420, 3383)
[INFO]: split.2.fastq Q score dataset shape: (63420, 3383)
[INFO]: split.2.fastq Peptide dataset shape: (63420, 4258)
[INFO]: -----------------------------------------------------------------
[INFO]: Queuing <template_breakdown> routine. . .
[INFO]: The operation took 0.004 s
[INFO]: split.2.fastq DNA dataset shape: (63420, 3383)
[INFO]: split.2.fastq Q score dataset shape: (63420, 3383)
[INFO]: split.2.fastq Peptide dataset shape: (63420, 4258)
[INFO]: -----------------------------------------------------------------
[INFO]: Fetching split.3.fastq.gz. . .
[INFO]: 10 routines appended to pipeline; current queue size: 10
[INFO]: split.3.fastq DNA dataset shape: (223100,)
[INFO]: split.3.fastq Q score dataset shape: (223100,)
[INFO]: split.3.fastq Peptide dataset shape: None
[INFO]: -----------------------------------------------------------------
[INFO]: Queuing <translate_dna> routine. . .
[INFO]: The operation took 20.66 s
[INFO]: split.3.fastq DNA dataset shape: (223100, 3331)
[INFO]: split.3.fastq Q score dataset shape: (223100, 3331)
[INFO]: split.3.fastq Peptide dataset shape: (223100, 849)
[INFO]: -----------------------------------------------------------------
[INFO]: Queuing <q_score_filter> routine. . .
[INFO]: The operation took 1.067 s
[INFO]: split.3.fastq DNA dataset shape: (223100, 3331)
[INFO]: split.3.fastq Q score dataset shape: (223100, 3331)
[INFO]: split.3.fastq Peptide dataset shape: (223100, 849)
[INFO]: -----------------------------------------------------------------
[INFO]: Queuing <_cr_filter_fuzzy> routine. . .
[INFO]: The operation took 173.285 s
[INFO]: split.3.fastq DNA dataset shape: (63382, 3331)
[INFO]: split.3.fastq Q score dataset shape: (63382, 3331)
[INFO]: split.3.fastq Peptide dataset shape: (63382, 849)
[INFO]: -----------------------------------------------------------------
[INFO]: Queuing <fetch_fuzzy> routine. . .
Traceback (most recent call last):
  File "/home/zhao/NGS/code/naiveFL_analysis.py", line 106, in <module>
    pip.run(data, save_summary=False)         # run the queue
  File "/home/zhao/NGS/code/utils/ProcessHandlers.py", line 369, in run
    data = func(data)
  File "/home/zhao/NGS/code/utils/ProcessHandlers.py", line 1671, in fetch_fuzzy
    if _ham(seq[p:p+L], ref) <= tol:
  File "/home/zhao/NGS/code/utils/ProcessHandlers.py", line 1622, in _ham
    return sum(x != y for x, y in zip(a, b))
  File "/home/zhao/NGS/code/utils/ProcessHandlers.py", line 1622, in <genexpr>
    return sum(x != y for x, y in zip(a, b))
KeyboardInterrupt
[INFO]: The following handler was succesfully initialized: <Pipeline object; current queue size: 0 routine(s)>
[INFO]: The following handler was succesfully initialized: <FastqParser object>
[INFO]: Fetching split.1.fastq.gz. . .
[INFO]: 10 routines appended to pipeline; current queue size: 10
[INFO]: split.1.fastq DNA dataset shape: (223100,)
[INFO]: split.1.fastq Q score dataset shape: (223100,)
[INFO]: split.1.fastq Peptide dataset shape: None
[INFO]: -----------------------------------------------------------------
[INFO]: Queuing <translate_dna> routine. . .
[INFO]: The operation took 27.399 s
[INFO]: split.1.fastq DNA dataset shape: (223100, 10457)
[INFO]: split.1.fastq Q score dataset shape: (223100, 10457)
[INFO]: split.1.fastq Peptide dataset shape: (223100, 536)
[INFO]: -----------------------------------------------------------------
[INFO]: Queuing <q_score_filter> routine. . .
[INFO]: The operation took 8.579 s
[INFO]: split.1.fastq DNA dataset shape: (223100, 10457)
[INFO]: split.1.fastq Q score dataset shape: (223100, 10457)
[INFO]: split.1.fastq Peptide dataset shape: (223100, 536)
[INFO]: -----------------------------------------------------------------
[INFO]: Queuing <_cr_filter_fuzzy> routine. . .
[INFO]: The operation took 137.192 s
[INFO]: split.1.fastq DNA dataset shape: (59830, 10457)
[INFO]: split.1.fastq Q score dataset shape: (59830, 10457)
[INFO]: split.1.fastq Peptide dataset shape: (59830, 536)
[INFO]: -----------------------------------------------------------------
[INFO]: Queuing <fetch_fuzzy> routine. . .
[INFO]: The operation took 202.946 s
[INFO]: split.1.fastq DNA dataset shape: (59830, 10457)
[INFO]: split.1.fastq Q score dataset shape: (59830, 10457)
[INFO]: split.1.fastq Peptide dataset shape: (59830, 1823)
[INFO]: -----------------------------------------------------------------
[INFO]: Queuing <full_count_summary> routine. . .
[INFO]: The operation took 86.567 s
[INFO]: split.1.fastq DNA dataset shape: (59830, 10457)
[INFO]: split.1.fastq Q score dataset shape: (59830, 10457)
[INFO]: split.1.fastq Peptide dataset shape: (59830, 1823)
[INFO]: -----------------------------------------------------------------
[INFO]: Queuing <full_count_summary> routine. . .
[INFO]: The operation took 14.951 s
[INFO]: split.1.fastq DNA dataset shape: (59830, 10457)
[INFO]: split.1.fastq Q score dataset shape: (59830, 10457)
[INFO]: split.1.fastq Peptide dataset shape: (59830, 1823)
[INFO]: -----------------------------------------------------------------
[INFO]: Queuing <template_breakdown> routine. . .
[INFO]: The operation took 0.005 s
[INFO]: split.1.fastq DNA dataset shape: (59830, 10457)
[INFO]: split.1.fastq Q score dataset shape: (59830, 10457)
[INFO]: split.1.fastq Peptide dataset shape: (59830, 1823)
[INFO]: -----------------------------------------------------------------
[INFO]: Queuing <unpad_data> routine. . .
[INFO]: The operation took 2.58 s
[INFO]: split.1.fastq DNA dataset shape: (59830, 2472)
[INFO]: split.1.fastq Q score dataset shape: (59830, 2472)
[INFO]: split.1.fastq Peptide dataset shape: (59830, 1823)
[INFO]: -----------------------------------------------------------------
[INFO]: Queuing <save_data> routine. . .
[INFO]: The operation took 0.311 s
[INFO]: split.1.fastq DNA dataset shape: (59830, 2472)
[INFO]: split.1.fastq Q score dataset shape: (59830, 2472)
[INFO]: split.1.fastq Peptide dataset shape: (59830, 1823)
[INFO]: -----------------------------------------------------------------
[INFO]: Queuing <template_breakdown> routine. . .
[INFO]: The operation took 0.003 s
[INFO]: split.1.fastq DNA dataset shape: (59830, 2472)
[INFO]: split.1.fastq Q score dataset shape: (59830, 2472)
[INFO]: split.1.fastq Peptide dataset shape: (59830, 1823)
[INFO]: -----------------------------------------------------------------
[INFO]: Fetching split.2.fastq.gz. . .
[INFO]: 10 routines appended to pipeline; current queue size: 10
[INFO]: split.2.fastq DNA dataset shape: (223100,)
[INFO]: split.2.fastq Q score dataset shape: (223100,)
[INFO]: split.2.fastq Peptide dataset shape: None
[INFO]: -----------------------------------------------------------------
[INFO]: Queuing <translate_dna> routine. . .
[INFO]: The operation took 20.738 s
[INFO]: split.2.fastq DNA dataset shape: (223100, 3383)
[INFO]: split.2.fastq Q score dataset shape: (223100, 3383)
[INFO]: split.2.fastq Peptide dataset shape: (223100, 530)
[INFO]: -----------------------------------------------------------------
[INFO]: Queuing <q_score_filter> routine. . .
[INFO]: The operation took 1.054 s
[INFO]: split.2.fastq DNA dataset shape: (223100, 3383)
[INFO]: split.2.fastq Q score dataset shape: (223100, 3383)
[INFO]: split.2.fastq Peptide dataset shape: (223100, 530)
[INFO]: -----------------------------------------------------------------
[INFO]: Queuing <_cr_filter_fuzzy> routine. . .
[INFO]: The operation took 136.348 s
[INFO]: split.2.fastq DNA dataset shape: (59800, 3383)
[INFO]: split.2.fastq Q score dataset shape: (59800, 3383)
[INFO]: split.2.fastq Peptide dataset shape: (59800, 530)
[INFO]: -----------------------------------------------------------------
[INFO]: Queuing <fetch_fuzzy> routine. . .
[INFO]: The operation took 203.326 s
[INFO]: split.2.fastq DNA dataset shape: (59800, 3383)
[INFO]: split.2.fastq Q score dataset shape: (59800, 3383)
[INFO]: split.2.fastq Peptide dataset shape: (59800, 1541)
[INFO]: -----------------------------------------------------------------
[INFO]: Queuing <full_count_summary> routine. . .
[INFO]: The operation took 35.339 s
[INFO]: split.2.fastq DNA dataset shape: (59800, 3383)
[INFO]: split.2.fastq Q score dataset shape: (59800, 3383)
[INFO]: split.2.fastq Peptide dataset shape: (59800, 1541)
[INFO]: -----------------------------------------------------------------
[INFO]: Queuing <full_count_summary> routine. . .
[INFO]: The operation took 12.378 s
[INFO]: split.2.fastq DNA dataset shape: (59800, 3383)
[INFO]: split.2.fastq Q score dataset shape: (59800, 3383)
[INFO]: split.2.fastq Peptide dataset shape: (59800, 1541)
[INFO]: -----------------------------------------------------------------
[INFO]: Queuing <template_breakdown> routine. . .
[INFO]: The operation took 0.004 s
[INFO]: split.2.fastq DNA dataset shape: (59800, 3383)
[INFO]: split.2.fastq Q score dataset shape: (59800, 3383)
[INFO]: split.2.fastq Peptide dataset shape: (59800, 1541)
[INFO]: -----------------------------------------------------------------
[INFO]: Queuing <unpad_data> routine. . .
[INFO]: The operation took 1.2 s
[INFO]: split.2.fastq DNA dataset shape: (59800, 1656)
[INFO]: split.2.fastq Q score dataset shape: (59800, 1656)
[INFO]: split.2.fastq Peptide dataset shape: (59800, 1541)
[INFO]: -----------------------------------------------------------------
[INFO]: Queuing <save_data> routine. . .
[INFO]: The operation took 0.271 s
[INFO]: split.2.fastq DNA dataset shape: (59800, 1656)
[INFO]: split.2.fastq Q score dataset shape: (59800, 1656)
[INFO]: split.2.fastq Peptide dataset shape: (59800, 1541)
[INFO]: -----------------------------------------------------------------
[INFO]: Queuing <template_breakdown> routine. . .
[INFO]: The operation took 0.003 s
[INFO]: split.2.fastq DNA dataset shape: (59800, 1656)
[INFO]: split.2.fastq Q score dataset shape: (59800, 1656)
[INFO]: split.2.fastq Peptide dataset shape: (59800, 1541)
[INFO]: -----------------------------------------------------------------
[INFO]: Fetching split.3.fastq.gz. . .
[INFO]: 10 routines appended to pipeline; current queue size: 10
[INFO]: split.3.fastq DNA dataset shape: (223100,)
[INFO]: split.3.fastq Q score dataset shape: (223100,)
[INFO]: split.3.fastq Peptide dataset shape: None
[INFO]: -----------------------------------------------------------------
[INFO]: Queuing <translate_dna> routine. . .
[INFO]: The operation took 20.374 s
[INFO]: split.3.fastq DNA dataset shape: (223100, 3331)
[INFO]: split.3.fastq Q score dataset shape: (223100, 3331)
[INFO]: split.3.fastq Peptide dataset shape: (223100, 526)
[INFO]: -----------------------------------------------------------------
[INFO]: Queuing <q_score_filter> routine. . .
[INFO]: The operation took 1.023 s
[INFO]: split.3.fastq DNA dataset shape: (223100, 3331)
[INFO]: split.3.fastq Q score dataset shape: (223100, 3331)
[INFO]: split.3.fastq Peptide dataset shape: (223100, 526)
[INFO]: -----------------------------------------------------------------
[INFO]: Queuing <_cr_filter_fuzzy> routine. . .
[INFO]: The operation took 136.084 s
[INFO]: split.3.fastq DNA dataset shape: (59820, 3331)
[INFO]: split.3.fastq Q score dataset shape: (59820, 3331)
[INFO]: split.3.fastq Peptide dataset shape: (59820, 526)
[INFO]: -----------------------------------------------------------------
[INFO]: Queuing <fetch_fuzzy> routine. . .
Traceback (most recent call last):
  File "/home/zhao/NGS/code/naiveFL_analysis.py", line 106, in <module>
    pip.run(data, save_summary=False)         # run the queue
  File "/home/zhao/NGS/code/utils/ProcessHandlers.py", line 369, in run
    data = func(data)
  File "/home/zhao/NGS/code/utils/ProcessHandlers.py", line 1671, in fetch_fuzzy
    if _ham(seq[p:p+L], ref) <= tol:
  File "/home/zhao/NGS/code/utils/ProcessHandlers.py", line 1622, in _ham
    return sum(x != y for x, y in zip(a, b))
  File "/home/zhao/NGS/code/utils/ProcessHandlers.py", line 1622, in <genexpr>
    return sum(x != y for x, y in zip(a, b))
KeyboardInterrupt
[INFO]: The following handler was succesfully initialized: <Pipeline object; current queue size: 0 routine(s)>
[INFO]: The following handler was succesfully initialized: <FastqParser object>
[INFO]: Fetching split.1.fastq.gz. . .
Traceback (most recent call last):
  File "/home/zhao/NGS/code/naiveFL_analysis.py", line 65, in <module>
    for sample in par.stream_from_gz_dir():       # yields ONE SequencingSample
  File "/home/zhao/NGS/code/utils/ProcessHandlers.py", line 2319, in stream_from_gz_dir
    sample = self._fetch_fastq_file(reader)
  File "/home/zhao/NGS/code/utils/ProcessHandlers.py", line 2270, in _fetch_fastq_file
    [self._decode_q_ascii(s, offset=offset) for s in Q_ascii],
  File "/home/zhao/NGS/code/utils/ProcessHandlers.py", line 2270, in <listcomp>
    [self._decode_q_ascii(s, offset=offset) for s in Q_ascii],
KeyboardInterrupt
[INFO]: The following handler was succesfully initialized: <Pipeline object; current queue size: 0 routine(s)>
[INFO]: The following handler was succesfully initialized: <FastqParser object>
[INFO]: Fetching split.1.fastq.gz. . .
[INFO]: 10 routines appended to pipeline; current queue size: 10
[INFO]: split.1.fastq DNA dataset shape: (44700,)
[INFO]: split.1.fastq Q score dataset shape: (44700,)
[INFO]: split.1.fastq Peptide dataset shape: None
[INFO]: -----------------------------------------------------------------
[INFO]: Queuing <translate_dna> routine. . .
[INFO]: The operation took 4.061 s
[INFO]: split.1.fastq DNA dataset shape: (44700, 3319)
[INFO]: split.1.fastq Q score dataset shape: (44700, 3319)
[INFO]: split.1.fastq Peptide dataset shape: (44700, 464)
[INFO]: -----------------------------------------------------------------
[INFO]: Queuing <q_score_filter> routine. . .
[INFO]: The operation took 0.257 s
[INFO]: split.1.fastq DNA dataset shape: (44700, 3319)
[INFO]: split.1.fastq Q score dataset shape: (44700, 3319)
[INFO]: split.1.fastq Peptide dataset shape: (44700, 464)
[INFO]: -----------------------------------------------------------------
[INFO]: Queuing <_cr_filter_fuzzy> routine. . .
[INFO]: The operation took 27.835 s
[INFO]: split.1.fastq DNA dataset shape: (11998, 3319)
[INFO]: split.1.fastq Q score dataset shape: (11998, 3319)
[INFO]: split.1.fastq Peptide dataset shape: (11998, 464)
[INFO]: -----------------------------------------------------------------
[INFO]: Queuing <fetch_fuzzy> routine. . .
[INFO]: The operation took 42.733 s
[INFO]: split.1.fastq DNA dataset shape: (11998, 3319)
[INFO]: split.1.fastq Q score dataset shape: (11998, 3319)
[INFO]: split.1.fastq Peptide dataset shape: (11998, 1525)
[INFO]: -----------------------------------------------------------------
[INFO]: Queuing <full_count_summary> routine. . .
[INFO]: The operation took 6.827 s
[INFO]: split.1.fastq DNA dataset shape: (11998, 3319)
[INFO]: split.1.fastq Q score dataset shape: (11998, 3319)
[INFO]: split.1.fastq Peptide dataset shape: (11998, 1525)
[INFO]: -----------------------------------------------------------------
[INFO]: Queuing <full_count_summary> routine. . .
[INFO]: The operation took 2.419 s
[INFO]: split.1.fastq DNA dataset shape: (11998, 3319)
[INFO]: split.1.fastq Q score dataset shape: (11998, 3319)
[INFO]: split.1.fastq Peptide dataset shape: (11998, 1525)
[INFO]: -----------------------------------------------------------------
[INFO]: Queuing <template_breakdown> routine. . .
[INFO]: The operation took 0.003 s
[INFO]: split.1.fastq DNA dataset shape: (11998, 3319)
[INFO]: split.1.fastq Q score dataset shape: (11998, 3319)
[INFO]: split.1.fastq Peptide dataset shape: (11998, 1525)
[INFO]: -----------------------------------------------------------------
[INFO]: Queuing <unpad_data> routine. . .
[INFO]: The operation took 0.27 s
[INFO]: split.1.fastq DNA dataset shape: (11998, 2472)
[INFO]: split.1.fastq Q score dataset shape: (11998, 2472)
[INFO]: split.1.fastq Peptide dataset shape: (11998, 1525)
[INFO]: -----------------------------------------------------------------
[INFO]: Queuing <save_data> routine. . .
[INFO]: The operation took 0.083 s
[INFO]: split.1.fastq DNA dataset shape: (11998, 2472)
[INFO]: split.1.fastq Q score dataset shape: (11998, 2472)
[INFO]: split.1.fastq Peptide dataset shape: (11998, 1525)
[INFO]: -----------------------------------------------------------------
[INFO]: Queuing <template_breakdown> routine. . .
[INFO]: The operation took 0.002 s
[INFO]: split.1.fastq DNA dataset shape: (11998, 2472)
[INFO]: split.1.fastq Q score dataset shape: (11998, 2472)
[INFO]: split.1.fastq Peptide dataset shape: (11998, 1525)
[INFO]: -----------------------------------------------------------------
[INFO]: The following handler was succesfully initialized: <Pipeline object; current queue size: 0 routine(s)>
[INFO]: The following handler was succesfully initialized: <FastqParser object>
[INFO]: Fetching split.1.fastq.gz. . .
[INFO]: 10 routines appended to pipeline; current queue size: 10
[INFO]: split.1.fastq DNA dataset shape: (44700,)
[INFO]: split.1.fastq Q score dataset shape: (44700,)
[INFO]: split.1.fastq Peptide dataset shape: None
[INFO]: -----------------------------------------------------------------
[INFO]: Queuing <translate_dna> routine. . .
[INFO]: The operation took 4.06 s
[INFO]: split.1.fastq DNA dataset shape: (44700, 3319)
[INFO]: split.1.fastq Q score dataset shape: (44700, 3319)
[INFO]: split.1.fastq Peptide dataset shape: (44700, 464)
[INFO]: -----------------------------------------------------------------
[INFO]: Queuing <q_score_filter> routine. . .
[INFO]: The operation took 0.268 s
[INFO]: split.1.fastq DNA dataset shape: (44700, 3319)
[INFO]: split.1.fastq Q score dataset shape: (44700, 3319)
[INFO]: split.1.fastq Peptide dataset shape: (44700, 464)
[INFO]: -----------------------------------------------------------------
[INFO]: Queuing <_cr_filter_fuzzy> routine. . .
[INFO]: The following handler was succesfully initialized: <Pipeline object; current queue size: 0 routine(s)>
[INFO]: The following handler was succesfully initialized: <FastqParser object>
[INFO]: Fetching split.1.fastq.gz. . .
[INFO]: The operation took 53.705 s
[INFO]: split.1.fastq DNA dataset shape: (7836, 3319)
[INFO]: split.1.fastq Q score dataset shape: (7836, 3319)
[INFO]: split.1.fastq Peptide dataset shape: (7836, 464)
[INFO]: -----------------------------------------------------------------
[INFO]: Queuing <fetch_fuzzy> routine. . .
[INFO]: The following handler was succesfully initialized: <Pipeline object; current queue size: 0 routine(s)>
[INFO]: The following handler was succesfully initialized: <FastqParser object>
[INFO]: Fetching split.1.fastq.gz. . .
[INFO]: The operation took 20.813 s
[INFO]: split.1.fastq DNA dataset shape: (7836, 3319)
[INFO]: split.1.fastq Q score dataset shape: (7836, 3319)
[INFO]: split.1.fastq Peptide dataset shape: (7836, 297)
[INFO]: -----------------------------------------------------------------
[INFO]: Queuing <full_count_summary> routine. . .
[INFO]: The operation took 3.867 s
[INFO]: split.1.fastq DNA dataset shape: (7836, 3319)
[INFO]: split.1.fastq Q score dataset shape: (7836, 3319)
[INFO]: split.1.fastq Peptide dataset shape: (7836, 297)
[INFO]: -----------------------------------------------------------------
[INFO]: Queuing <full_count_summary> routine. . .
[INFO]: The operation took 0.373 s
[INFO]: split.1.fastq DNA dataset shape: (7836, 3319)
[INFO]: split.1.fastq Q score dataset shape: (7836, 3319)
[INFO]: split.1.fastq Peptide dataset shape: (7836, 297)
[INFO]: -----------------------------------------------------------------
[INFO]: Queuing <template_breakdown> routine. . .
[INFO]: The operation took 0.003 s
[INFO]: split.1.fastq DNA dataset shape: (7836, 3319)
[INFO]: split.1.fastq Q score dataset shape: (7836, 3319)
[INFO]: split.1.fastq Peptide dataset shape: (7836, 297)
[INFO]: -----------------------------------------------------------------
[INFO]: Queuing <unpad_data> routine. . .
[INFO]: The operation took 0.425 s
[INFO]: split.1.fastq DNA dataset shape: (7836, 1608)
[INFO]: split.1.fastq Q score dataset shape: (7836, 1608)
[INFO]: split.1.fastq Peptide dataset shape: (7836, 297)
[INFO]: -----------------------------------------------------------------
[INFO]: Queuing <save_data> routine. . .
[INFO]: The operation took 0.012 s
[INFO]: split.1.fastq DNA dataset shape: (7836, 1608)
[INFO]: split.1.fastq Q score dataset shape: (7836, 1608)
[INFO]: split.1.fastq Peptide dataset shape: (7836, 297)
[INFO]: -----------------------------------------------------------------
[INFO]: Queuing <template_breakdown> routine. . .
[INFO]: The operation took 0.002 s
[INFO]: split.1.fastq DNA dataset shape: (7836, 1608)
[INFO]: split.1.fastq Q score dataset shape: (7836, 1608)
[INFO]: split.1.fastq Peptide dataset shape: (7836, 297)
[INFO]: -----------------------------------------------------------------
python3: can't open file '/home/zhao/NGS/code/naiveFL_analysi_revcom.py': [Errno 2] No such file or directory
bash: line 1: 1417517 Killed                  python3 naiveFL_analysis.py -c naiveFL_config.py
[INFO]: 10 routines appended to pipeline; current queue size: 10
[INFO]: split.1.fastq DNA dataset shape: (223100,)
[INFO]: split.1.fastq Q score dataset shape: (223100,)
[INFO]: split.1.fastq Peptide dataset shape: None
[INFO]: -----------------------------------------------------------------
[INFO]: Queuing <translate_dna> routine. . .
[INFO]: The operation took 44.746 s
[INFO]: split.1.fastq DNA dataset shape: (223100, 10457)
[INFO]: split.1.fastq Q score dataset shape: (223100, 10457)
[INFO]: split.1.fastq Peptide dataset shape: (223100, 536)
[INFO]: -----------------------------------------------------------------
[INFO]: Queuing <q_score_filter> routine. . .
[INFO]: The operation took 29.374 s
[INFO]: split.1.fastq DNA dataset shape: (223100, 10457)
[INFO]: split.1.fastq Q score dataset shape: (223100, 10457)
[INFO]: split.1.fastq Peptide dataset shape: (223100, 536)
[INFO]: -----------------------------------------------------------------
[INFO]: Queuing <_cr_filter_fuzzy> routine. . .
Terminated
[INFO]: The following handler was succesfully initialized: <Pipeline object; current queue size: 0 routine(s)>
[INFO]: The following handler was succesfully initialized: <FastqParser object>
[INFO]: Fetching split.1.fastq.gz. . .
[INFO]: 10 routines appended to pipeline; current queue size: 10
[INFO]: split.1.fastq DNA dataset shape: (223100,)
[INFO]: split.1.fastq Q score dataset shape: (223100,)
[INFO]: split.1.fastq Peptide dataset shape: None
[INFO]: -----------------------------------------------------------------
[INFO]: Queuing <translate_dna> routine. . .
[INFO]: The operation took 27.948 s
[INFO]: split.1.fastq DNA dataset shape: (223100, 10457)
[INFO]: split.1.fastq Q score dataset shape: (223100, 10457)
[INFO]: split.1.fastq Peptide dataset shape: (223100, 536)
[INFO]: -----------------------------------------------------------------
[INFO]: Queuing <q_score_filter> routine. . .
[INFO]: The operation took 3.539 s
[INFO]: split.1.fastq DNA dataset shape: (223100, 10457)
[INFO]: split.1.fastq Q score dataset shape: (223100, 10457)
[INFO]: split.1.fastq Peptide dataset shape: (223100, 536)
[INFO]: -----------------------------------------------------------------
[INFO]: Queuing <_cr_filter_fuzzy> routine. . .
[INFO]: The operation took 270.514 s
[INFO]: split.1.fastq DNA dataset shape: (39468, 10457)
[INFO]: split.1.fastq Q score dataset shape: (39468, 10457)
[INFO]: split.1.fastq Peptide dataset shape: (39468, 536)
[INFO]: -----------------------------------------------------------------
[INFO]: Queuing <fetch_fuzzy> routine. . .
[INFO]: The operation took 104.173 s
[INFO]: split.1.fastq DNA dataset shape: (39468, 10457)
[INFO]: split.1.fastq Q score dataset shape: (39468, 10457)
[INFO]: split.1.fastq Peptide dataset shape: (39468, 474)
[INFO]: -----------------------------------------------------------------
[INFO]: Queuing <full_count_summary> routine. . .
[INFO]: The operation took 47.609 s
[INFO]: split.1.fastq DNA dataset shape: (39468, 10457)
[INFO]: split.1.fastq Q score dataset shape: (39468, 10457)
[INFO]: split.1.fastq Peptide dataset shape: (39468, 474)
[INFO]: -----------------------------------------------------------------
[INFO]: Queuing <full_count_summary> routine. . .
[INFO]: The operation took 2.808 s
[INFO]: split.1.fastq DNA dataset shape: (39468, 10457)
[INFO]: split.1.fastq Q score dataset shape: (39468, 10457)
[INFO]: split.1.fastq Peptide dataset shape: (39468, 474)
[INFO]: -----------------------------------------------------------------
[INFO]: Queuing <template_breakdown> routine. . .
[INFO]: The operation took 0.003 s
[INFO]: split.1.fastq DNA dataset shape: (39468, 10457)
[INFO]: split.1.fastq Q score dataset shape: (39468, 10457)
[INFO]: split.1.fastq Peptide dataset shape: (39468, 474)
[INFO]: -----------------------------------------------------------------
[INFO]: Queuing <unpad_data> routine. . .
[INFO]: The operation took 1.359 s
[INFO]: split.1.fastq DNA dataset shape: (39468, 1643)
[INFO]: split.1.fastq Q score dataset shape: (39468, 1643)
[INFO]: split.1.fastq Peptide dataset shape: (39468, 474)
[INFO]: -----------------------------------------------------------------
[INFO]: Queuing <save_data> routine. . .
[INFO]: The operation took 0.053 s
[INFO]: split.1.fastq DNA dataset shape: (39468, 1643)
[INFO]: split.1.fastq Q score dataset shape: (39468, 1643)
[INFO]: split.1.fastq Peptide dataset shape: (39468, 474)
[INFO]: -----------------------------------------------------------------
[INFO]: Queuing <template_breakdown> routine. . .
[INFO]: The operation took 0.003 s
[INFO]: split.1.fastq DNA dataset shape: (39468, 1643)
[INFO]: split.1.fastq Q score dataset shape: (39468, 1643)
[INFO]: split.1.fastq Peptide dataset shape: (39468, 474)
[INFO]: -----------------------------------------------------------------
[INFO]: Fetching split.2.fastq.gz. . .
[INFO]: 10 routines appended to pipeline; current queue size: 10
[INFO]: split.2.fastq DNA dataset shape: (223100,)
[INFO]: split.2.fastq Q score dataset shape: (223100,)
[INFO]: split.2.fastq Peptide dataset shape: None
[INFO]: -----------------------------------------------------------------
[INFO]: Queuing <translate_dna> routine. . .
[INFO]: The operation took 20.741 s
[INFO]: split.2.fastq DNA dataset shape: (223100, 3383)
[INFO]: split.2.fastq Q score dataset shape: (223100, 3383)
[INFO]: split.2.fastq Peptide dataset shape: (223100, 530)
[INFO]: -----------------------------------------------------------------
[INFO]: Queuing <q_score_filter> routine. . .
[INFO]: The operation took 1.045 s
[INFO]: split.2.fastq DNA dataset shape: (223100, 3383)
[INFO]: split.2.fastq Q score dataset shape: (223100, 3383)
[INFO]: split.2.fastq Peptide dataset shape: (223100, 530)
[INFO]: -----------------------------------------------------------------
[INFO]: Queuing <_cr_filter_fuzzy> routine. . .
[INFO]: The operation took 270.482 s
[INFO]: split.2.fastq DNA dataset shape: (39369, 3383)
[INFO]: split.2.fastq Q score dataset shape: (39369, 3383)
[INFO]: split.2.fastq Peptide dataset shape: (39369, 530)
[INFO]: -----------------------------------------------------------------
[INFO]: Queuing <fetch_fuzzy> routine. . .
[INFO]: The operation took 103.505 s
[INFO]: split.2.fastq DNA dataset shape: (39369, 3383)
[INFO]: split.2.fastq Q score dataset shape: (39369, 3383)
[INFO]: split.2.fastq Peptide dataset shape: (39369, 520)
[INFO]: -----------------------------------------------------------------
[INFO]: Queuing <full_count_summary> routine. . .
[INFO]: The operation took 17.514 s
[INFO]: split.2.fastq DNA dataset shape: (39369, 3383)
[INFO]: split.2.fastq Q score dataset shape: (39369, 3383)
[INFO]: split.2.fastq Peptide dataset shape: (39369, 520)
[INFO]: -----------------------------------------------------------------
[INFO]: Queuing <full_count_summary> routine. . .
[INFO]: The operation took 2.959 s
[INFO]: split.2.fastq DNA dataset shape: (39369, 3383)
[INFO]: split.2.fastq Q score dataset shape: (39369, 3383)
[INFO]: split.2.fastq Peptide dataset shape: (39369, 520)
[INFO]: -----------------------------------------------------------------
[INFO]: Queuing <template_breakdown> routine. . .
[INFO]: The operation took 0.003 s
[INFO]: split.2.fastq DNA dataset shape: (39369, 3383)
[INFO]: split.2.fastq Q score dataset shape: (39369, 3383)
[INFO]: split.2.fastq Peptide dataset shape: (39369, 520)
[INFO]: -----------------------------------------------------------------
[INFO]: Queuing <unpad_data> routine. . .
[INFO]: The operation took 0.599 s
[INFO]: split.2.fastq DNA dataset shape: (39369, 1656)
[INFO]: split.2.fastq Q score dataset shape: (39369, 1656)
[INFO]: split.2.fastq Peptide dataset shape: (39369, 520)
[INFO]: -----------------------------------------------------------------
[INFO]: Queuing <save_data> routine. . .
[INFO]: The operation took 0.039 s
[INFO]: split.2.fastq DNA dataset shape: (39369, 1656)
[INFO]: split.2.fastq Q score dataset shape: (39369, 1656)
[INFO]: split.2.fastq Peptide dataset shape: (39369, 520)
[INFO]: -----------------------------------------------------------------
[INFO]: Queuing <template_breakdown> routine. . .
[INFO]: The operation took 0.003 s
[INFO]: split.2.fastq DNA dataset shape: (39369, 1656)
[INFO]: split.2.fastq Q score dataset shape: (39369, 1656)
[INFO]: split.2.fastq Peptide dataset shape: (39369, 520)
[INFO]: -----------------------------------------------------------------
[INFO]: Fetching split.3.fastq.gz. . .
[INFO]: 10 routines appended to pipeline; current queue size: 10
[INFO]: split.3.fastq DNA dataset shape: (223100,)
[INFO]: split.3.fastq Q score dataset shape: (223100,)
[INFO]: split.3.fastq Peptide dataset shape: None
[INFO]: -----------------------------------------------------------------
[INFO]: Queuing <translate_dna> routine. . .
[INFO]: The operation took 20.234 s
[INFO]: split.3.fastq DNA dataset shape: (223100, 3331)
[INFO]: split.3.fastq Q score dataset shape: (223100, 3331)
[INFO]: split.3.fastq Peptide dataset shape: (223100, 526)
[INFO]: -----------------------------------------------------------------
[INFO]: Queuing <q_score_filter> routine. . .
[INFO]: The operation took 1.032 s
[INFO]: split.3.fastq DNA dataset shape: (223100, 3331)
[INFO]: split.3.fastq Q score dataset shape: (223100, 3331)
[INFO]: split.3.fastq Peptide dataset shape: (223100, 526)
[INFO]: -----------------------------------------------------------------
[INFO]: Queuing <_cr_filter_fuzzy> routine. . .
[INFO]: The operation took 269.132 s
[INFO]: split.3.fastq DNA dataset shape: (39468, 3331)
[INFO]: split.3.fastq Q score dataset shape: (39468, 3331)
[INFO]: split.3.fastq Peptide dataset shape: (39468, 526)
[INFO]: -----------------------------------------------------------------
[INFO]: Queuing <fetch_fuzzy> routine. . .
[INFO]: The operation took 103.997 s
[INFO]: split.3.fastq DNA dataset shape: (39468, 3331)
[INFO]: split.3.fastq Q score dataset shape: (39468, 3331)
[INFO]: split.3.fastq Peptide dataset shape: (39468, 511)
[INFO]: -----------------------------------------------------------------
[INFO]: Queuing <full_count_summary> routine. . .
[INFO]: The operation took 17.417 s
[INFO]: split.3.fastq DNA dataset shape: (39468, 3331)
[INFO]: split.3.fastq Q score dataset shape: (39468, 3331)
[INFO]: split.3.fastq Peptide dataset shape: (39468, 511)
[INFO]: -----------------------------------------------------------------
[INFO]: Queuing <full_count_summary> routine. . .
[INFO]: The operation took 2.928 s
[INFO]: split.3.fastq DNA dataset shape: (39468, 3331)
[INFO]: split.3.fastq Q score dataset shape: (39468, 3331)
[INFO]: split.3.fastq Peptide dataset shape: (39468, 511)
[INFO]: -----------------------------------------------------------------
[INFO]: Queuing <template_breakdown> routine. . .
[INFO]: The operation took 0.003 s
[INFO]: split.3.fastq DNA dataset shape: (39468, 3331)
[INFO]: split.3.fastq Q score dataset shape: (39468, 3331)
[INFO]: split.3.fastq Peptide dataset shape: (39468, 511)
[INFO]: -----------------------------------------------------------------
[INFO]: Queuing <unpad_data> routine. . .
[INFO]: The operation took 0.684 s
[INFO]: split.3.fastq DNA dataset shape: (39468, 2408)
[INFO]: split.3.fastq Q score dataset shape: (39468, 2408)
[INFO]: split.3.fastq Peptide dataset shape: (39468, 511)
[INFO]: -----------------------------------------------------------------
[INFO]: Queuing <save_data> routine. . .
[INFO]: The operation took 0.077 s
[INFO]: split.3.fastq DNA dataset shape: (39468, 2408)
[INFO]: split.3.fastq Q score dataset shape: (39468, 2408)
[INFO]: split.3.fastq Peptide dataset shape: (39468, 511)
[INFO]: -----------------------------------------------------------------
[INFO]: Queuing <template_breakdown> routine. . .
[INFO]: The operation took 0.003 s
[INFO]: split.3.fastq DNA dataset shape: (39468, 2408)
[INFO]: split.3.fastq Q score dataset shape: (39468, 2408)
[INFO]: split.3.fastq Peptide dataset shape: (39468, 511)
[INFO]: -----------------------------------------------------------------
[INFO]: Fetching split.4.fastq.gz. . .
[INFO]: 10 routines appended to pipeline; current queue size: 10
[INFO]: split.4.fastq DNA dataset shape: (223100,)
[INFO]: split.4.fastq Q score dataset shape: (223100,)
[INFO]: split.4.fastq Peptide dataset shape: None
[INFO]: -----------------------------------------------------------------
[INFO]: Queuing <translate_dna> routine. . .
[INFO]: The operation took 20.802 s
[INFO]: split.4.fastq DNA dataset shape: (223100, 3904)
[INFO]: split.4.fastq Q score dataset shape: (223100, 3904)
[INFO]: split.4.fastq Peptide dataset shape: (223100, 528)
[INFO]: -----------------------------------------------------------------
[INFO]: Queuing <q_score_filter> routine. . .
[INFO]: The operation took 1.167 s
[INFO]: split.4.fastq DNA dataset shape: (223100, 3904)
[INFO]: split.4.fastq Q score dataset shape: (223100, 3904)
[INFO]: split.4.fastq Peptide dataset shape: (223100, 528)
[INFO]: -----------------------------------------------------------------
[INFO]: Queuing <_cr_filter_fuzzy> routine. . .
[INFO]: The operation took 270.239 s
[INFO]: split.4.fastq DNA dataset shape: (39193, 3904)
[INFO]: split.4.fastq Q score dataset shape: (39193, 3904)
[INFO]: split.4.fastq Peptide dataset shape: (39193, 528)
[INFO]: -----------------------------------------------------------------
[INFO]: Queuing <fetch_fuzzy> routine. . .
[INFO]: The operation took 103.786 s
[INFO]: split.4.fastq DNA dataset shape: (39193, 3904)
[INFO]: split.4.fastq Q score dataset shape: (39193, 3904)
[INFO]: split.4.fastq Peptide dataset shape: (39193, 503)
[INFO]: -----------------------------------------------------------------
[INFO]: Queuing <full_count_summary> routine. . .
[INFO]: The operation took 19.652 s
[INFO]: split.4.fastq DNA dataset shape: (39193, 3904)
[INFO]: split.4.fastq Q score dataset shape: (39193, 3904)
[INFO]: split.4.fastq Peptide dataset shape: (39193, 503)
[INFO]: -----------------------------------------------------------------
[INFO]: Queuing <full_count_summary> routine. . .
[INFO]: The operation took 2.907 s
[INFO]: split.4.fastq DNA dataset shape: (39193, 3904)
[INFO]: split.4.fastq Q score dataset shape: (39193, 3904)
[INFO]: split.4.fastq Peptide dataset shape: (39193, 503)
[INFO]: -----------------------------------------------------------------
[INFO]: Queuing <template_breakdown> routine. . .
[INFO]: The operation took 0.003 s
[INFO]: split.4.fastq DNA dataset shape: (39193, 3904)
[INFO]: split.4.fastq Q score dataset shape: (39193, 3904)
[INFO]: split.4.fastq Peptide dataset shape: (39193, 503)
[INFO]: -----------------------------------------------------------------
[INFO]: Queuing <unpad_data> routine. . .
[INFO]: The operation took 0.712 s
[INFO]: split.4.fastq DNA dataset shape: (39193, 2370)
[INFO]: split.4.fastq Q score dataset shape: (39193, 2370)
[INFO]: split.4.fastq Peptide dataset shape: (39193, 503)
[INFO]: -----------------------------------------------------------------
[INFO]: Queuing <save_data> routine. . .
[INFO]: The operation took 0.095 s
[INFO]: split.4.fastq DNA dataset shape: (39193, 2370)
[INFO]: split.4.fastq Q score dataset shape: (39193, 2370)
[INFO]: split.4.fastq Peptide dataset shape: (39193, 503)
[INFO]: -----------------------------------------------------------------
[INFO]: Queuing <template_breakdown> routine. . .
[INFO]: The operation took 0.003 s
[INFO]: split.4.fastq DNA dataset shape: (39193, 2370)
[INFO]: split.4.fastq Q score dataset shape: (39193, 2370)
[INFO]: split.4.fastq Peptide dataset shape: (39193, 503)
[INFO]: -----------------------------------------------------------------
[INFO]: Fetching split.5.fastq.gz. . .
[INFO]: 10 routines appended to pipeline; current queue size: 10
[INFO]: split.5.fastq DNA dataset shape: (223100,)
[INFO]: split.5.fastq Q score dataset shape: (223100,)
[INFO]: split.5.fastq Peptide dataset shape: None
[INFO]: -----------------------------------------------------------------
[INFO]: Queuing <translate_dna> routine. . .
[INFO]: The operation took 20.847 s
[INFO]: split.5.fastq DNA dataset shape: (223100, 3744)
[INFO]: split.5.fastq Q score dataset shape: (223100, 3744)
[INFO]: split.5.fastq Peptide dataset shape: (223100, 530)
[INFO]: -----------------------------------------------------------------
[INFO]: Queuing <q_score_filter> routine. . .
[INFO]: The operation took 1.117 s
[INFO]: split.5.fastq DNA dataset shape: (223100, 3744)
[INFO]: split.5.fastq Q score dataset shape: (223100, 3744)
[INFO]: split.5.fastq Peptide dataset shape: (223100, 530)
[INFO]: -----------------------------------------------------------------
[INFO]: Queuing <_cr_filter_fuzzy> routine. . .
[INFO]: The operation took 270.068 s
[INFO]: split.5.fastq DNA dataset shape: (39629, 3744)
[INFO]: split.5.fastq Q score dataset shape: (39629, 3744)
[INFO]: split.5.fastq Peptide dataset shape: (39629, 530)
[INFO]: -----------------------------------------------------------------
[INFO]: Queuing <fetch_fuzzy> routine. . .
[INFO]: The operation took 104.205 s
[INFO]: split.5.fastq DNA dataset shape: (39629, 3744)
[INFO]: split.5.fastq Q score dataset shape: (39629, 3744)
[INFO]: split.5.fastq Peptide dataset shape: (39629, 523)
[INFO]: -----------------------------------------------------------------
[INFO]: Queuing <full_count_summary> routine. . .
[INFO]: The operation took 19.308 s
[INFO]: split.5.fastq DNA dataset shape: (39629, 3744)
[INFO]: split.5.fastq Q score dataset shape: (39629, 3744)
[INFO]: split.5.fastq Peptide dataset shape: (39629, 523)
[INFO]: -----------------------------------------------------------------
[INFO]: Queuing <full_count_summary> routine. . .
[INFO]: The operation took 3.052 s
[INFO]: split.5.fastq DNA dataset shape: (39629, 3744)
[INFO]: split.5.fastq Q score dataset shape: (39629, 3744)
[INFO]: split.5.fastq Peptide dataset shape: (39629, 523)
[INFO]: -----------------------------------------------------------------
[INFO]: Queuing <template_breakdown> routine. . .
[INFO]: The operation took 0.003 s
[INFO]: split.5.fastq DNA dataset shape: (39629, 3744)
[INFO]: split.5.fastq Q score dataset shape: (39629, 3744)
[INFO]: split.5.fastq Peptide dataset shape: (39629, 523)
[INFO]: -----------------------------------------------------------------
[INFO]: Queuing <unpad_data> routine. . .
[INFO]: The operation took 0.711 s
[INFO]: split.5.fastq DNA dataset shape: (39629, 2492)
[INFO]: split.5.fastq Q score dataset shape: (39629, 2492)
[INFO]: split.5.fastq Peptide dataset shape: (39629, 523)
[INFO]: -----------------------------------------------------------------
[INFO]: Queuing <save_data> routine. . .
[INFO]: The operation took 0.066 s
[INFO]: split.5.fastq DNA dataset shape: (39629, 2492)
[INFO]: split.5.fastq Q score dataset shape: (39629, 2492)
[INFO]: split.5.fastq Peptide dataset shape: (39629, 523)
[INFO]: -----------------------------------------------------------------
[INFO]: Queuing <template_breakdown> routine. . .
[INFO]: The operation took 0.003 s
[INFO]: split.5.fastq DNA dataset shape: (39629, 2492)
[INFO]: split.5.fastq Q score dataset shape: (39629, 2492)
[INFO]: split.5.fastq Peptide dataset shape: (39629, 523)
[INFO]: -----------------------------------------------------------------
[INFO]: Fetching split.6.fastq.gz. . .
[INFO]: 10 routines appended to pipeline; current queue size: 10
[INFO]: split.6.fastq DNA dataset shape: (223100,)
[INFO]: split.6.fastq Q score dataset shape: (223100,)
[INFO]: split.6.fastq Peptide dataset shape: None
[INFO]: -----------------------------------------------------------------
[INFO]: Queuing <translate_dna> routine. . .
[INFO]: The operation took 21.095 s
[INFO]: split.6.fastq DNA dataset shape: (223100, 3443)
[INFO]: split.6.fastq Q score dataset shape: (223100, 3443)
[INFO]: split.6.fastq Peptide dataset shape: (223100, 532)
[INFO]: -----------------------------------------------------------------
[INFO]: Queuing <q_score_filter> routine. . .
[INFO]: The operation took 2.923 s
[INFO]: split.6.fastq DNA dataset shape: (223100, 3443)
[INFO]: split.6.fastq Q score dataset shape: (223100, 3443)
[INFO]: split.6.fastq Peptide dataset shape: (223100, 532)
[INFO]: -----------------------------------------------------------------
[INFO]: Queuing <_cr_filter_fuzzy> routine. . .
[INFO]: The operation took 273.309 s
[INFO]: split.6.fastq DNA dataset shape: (39654, 3443)
[INFO]: split.6.fastq Q score dataset shape: (39654, 3443)
[INFO]: split.6.fastq Peptide dataset shape: (39654, 532)
[INFO]: -----------------------------------------------------------------
[INFO]: Queuing <fetch_fuzzy> routine. . .
[INFO]: The operation took 105.321 s
[INFO]: split.6.fastq DNA dataset shape: (39654, 3443)
[INFO]: split.6.fastq Q score dataset shape: (39654, 3443)
[INFO]: split.6.fastq Peptide dataset shape: (39654, 525)
[INFO]: -----------------------------------------------------------------
[INFO]: Queuing <full_count_summary> routine. . .
[INFO]: The operation took 18.164 s
[INFO]: split.6.fastq DNA dataset shape: (39654, 3443)
[INFO]: split.6.fastq Q score dataset shape: (39654, 3443)
[INFO]: split.6.fastq Peptide dataset shape: (39654, 525)
[INFO]: -----------------------------------------------------------------
[INFO]: Queuing <full_count_summary> routine. . .
[INFO]: The operation took 3.059 s
[INFO]: split.6.fastq DNA dataset shape: (39654, 3443)
[INFO]: split.6.fastq Q score dataset shape: (39654, 3443)
[INFO]: split.6.fastq Peptide dataset shape: (39654, 525)
[INFO]: -----------------------------------------------------------------
[INFO]: Queuing <template_breakdown> routine. . .
[INFO]: The operation took 0.003 s
[INFO]: split.6.fastq DNA dataset shape: (39654, 3443)
[INFO]: split.6.fastq Q score dataset shape: (39654, 3443)
[INFO]: split.6.fastq Peptide dataset shape: (39654, 525)
[INFO]: -----------------------------------------------------------------
[INFO]: Queuing <unpad_data> routine. . .
[INFO]: The operation took 0.625 s
[INFO]: split.6.fastq DNA dataset shape: (39654, 1645)
[INFO]: split.6.fastq Q score dataset shape: (39654, 1645)
[INFO]: split.6.fastq Peptide dataset shape: (39654, 525)
[INFO]: -----------------------------------------------------------------
[INFO]: Queuing <save_data> routine. . .
[INFO]: The operation took 0.062 s
[INFO]: split.6.fastq DNA dataset shape: (39654, 1645)
[INFO]: split.6.fastq Q score dataset shape: (39654, 1645)
[INFO]: split.6.fastq Peptide dataset shape: (39654, 525)
[INFO]: -----------------------------------------------------------------
[INFO]: Queuing <template_breakdown> routine. . .
[INFO]: The operation took 0.003 s
[INFO]: split.6.fastq DNA dataset shape: (39654, 1645)
[INFO]: split.6.fastq Q score dataset shape: (39654, 1645)
[INFO]: split.6.fastq Peptide dataset shape: (39654, 525)
[INFO]: -----------------------------------------------------------------
[INFO]: Fetching split.7.fastq.gz. . .
[INFO]: 10 routines appended to pipeline; current queue size: 10
[INFO]: split.7.fastq DNA dataset shape: (223100,)
[INFO]: split.7.fastq Q score dataset shape: (223100,)
[INFO]: split.7.fastq Peptide dataset shape: None
[INFO]: -----------------------------------------------------------------
[INFO]: Queuing <translate_dna> routine. . .
[INFO]: The operation took 32.253 s
[INFO]: split.7.fastq DNA dataset shape: (223100, 8129)
[INFO]: split.7.fastq Q score dataset shape: (223100, 8129)
[INFO]: split.7.fastq Peptide dataset shape: (223100, 533)
[INFO]: -----------------------------------------------------------------
[INFO]: Queuing <q_score_filter> routine. . .
[INFO]: The operation took 18.904 s
[INFO]: split.7.fastq DNA dataset shape: (223100, 8129)
[INFO]: split.7.fastq Q score dataset shape: (223100, 8129)
[INFO]: split.7.fastq Peptide dataset shape: (223100, 533)
[INFO]: -----------------------------------------------------------------
[INFO]: Queuing <_cr_filter_fuzzy> routine. . .
[INFO]: The operation took 270.789 s
[INFO]: split.7.fastq DNA dataset shape: (39475, 8129)
[INFO]: split.7.fastq Q score dataset shape: (39475, 8129)
[INFO]: split.7.fastq Peptide dataset shape: (39475, 533)
[INFO]: -----------------------------------------------------------------
[INFO]: Queuing <fetch_fuzzy> routine. . .
[INFO]: The operation took 104.264 s
[INFO]: split.7.fastq DNA dataset shape: (39475, 8129)
[INFO]: split.7.fastq Q score dataset shape: (39475, 8129)
[INFO]: split.7.fastq Peptide dataset shape: (39475, 462)
[INFO]: -----------------------------------------------------------------
[INFO]: Queuing <full_count_summary> routine. . .
[INFO]: The operation took 37.588 s
[INFO]: split.7.fastq DNA dataset shape: (39475, 8129)
[INFO]: split.7.fastq Q score dataset shape: (39475, 8129)
[INFO]: split.7.fastq Peptide dataset shape: (39475, 462)
[INFO]: -----------------------------------------------------------------
[INFO]: Queuing <full_count_summary> routine. . .
[INFO]: The operation took 2.741 s
[INFO]: split.7.fastq DNA dataset shape: (39475, 8129)
[INFO]: split.7.fastq Q score dataset shape: (39475, 8129)
[INFO]: split.7.fastq Peptide dataset shape: (39475, 462)
[INFO]: -----------------------------------------------------------------
[INFO]: Queuing <template_breakdown> routine. . .
[INFO]: The operation took 0.003 s
[INFO]: split.7.fastq DNA dataset shape: (39475, 8129)
[INFO]: split.7.fastq Q score dataset shape: (39475, 8129)
[INFO]: split.7.fastq Peptide dataset shape: (39475, 462)
[INFO]: -----------------------------------------------------------------
[INFO]: Queuing <unpad_data> routine. . .
[INFO]: The operation took 1.155 s
[INFO]: split.7.fastq DNA dataset shape: (39475, 2511)
[INFO]: split.7.fastq Q score dataset shape: (39475, 2511)
[INFO]: split.7.fastq Peptide dataset shape: (39475, 462)
[INFO]: -----------------------------------------------------------------
[INFO]: Queuing <save_data> routine. . .
[INFO]: The operation took 0.064 s
[INFO]: split.7.fastq DNA dataset shape: (39475, 2511)
[INFO]: split.7.fastq Q score dataset shape: (39475, 2511)
[INFO]: split.7.fastq Peptide dataset shape: (39475, 462)
[INFO]: -----------------------------------------------------------------
[INFO]: Queuing <template_breakdown> routine. . .
[INFO]: The operation took 0.003 s
[INFO]: split.7.fastq DNA dataset shape: (39475, 2511)
[INFO]: split.7.fastq Q score dataset shape: (39475, 2511)
[INFO]: split.7.fastq Peptide dataset shape: (39475, 462)
[INFO]: -----------------------------------------------------------------
[INFO]: Fetching split.8.fastq.gz. . .
[INFO]: 10 routines appended to pipeline; current queue size: 10
[INFO]: split.8.fastq DNA dataset shape: (223100,)
[INFO]: split.8.fastq Q score dataset shape: (223100,)
[INFO]: split.8.fastq Peptide dataset shape: None
[INFO]: -----------------------------------------------------------------
[INFO]: Queuing <translate_dna> routine. . .
[INFO]: The operation took 21.411 s
[INFO]: split.8.fastq DNA dataset shape: (223100, 4462)
[INFO]: split.8.fastq Q score dataset shape: (223100, 4462)
[INFO]: split.8.fastq Peptide dataset shape: (223100, 528)
[INFO]: -----------------------------------------------------------------
[INFO]: Queuing <q_score_filter> routine. . .
[INFO]: The operation took 1.29 s
[INFO]: split.8.fastq DNA dataset shape: (223100, 4462)
[INFO]: split.8.fastq Q score dataset shape: (223100, 4462)
[INFO]: split.8.fastq Peptide dataset shape: (223100, 528)
[INFO]: -----------------------------------------------------------------
[INFO]: Queuing <_cr_filter_fuzzy> routine. . .
[INFO]: The operation took 269.802 s
[INFO]: split.8.fastq DNA dataset shape: (39440, 4462)
[INFO]: split.8.fastq Q score dataset shape: (39440, 4462)
[INFO]: split.8.fastq Peptide dataset shape: (39440, 528)
[INFO]: -----------------------------------------------------------------
[INFO]: Queuing <fetch_fuzzy> routine. . .
[INFO]: The operation took 106.681 s
[INFO]: split.8.fastq DNA dataset shape: (39440, 4462)
[INFO]: split.8.fastq Q score dataset shape: (39440, 4462)
[INFO]: split.8.fastq Peptide dataset shape: (39440, 670)
[INFO]: -----------------------------------------------------------------
[INFO]: Queuing <full_count_summary> routine. . .
[INFO]: The operation took 23.034 s
[INFO]: split.8.fastq DNA dataset shape: (39440, 4462)
[INFO]: split.8.fastq Q score dataset shape: (39440, 4462)
[INFO]: split.8.fastq Peptide dataset shape: (39440, 670)
[INFO]: -----------------------------------------------------------------
[INFO]: Queuing <full_count_summary> routine. . .
[INFO]: The operation took 3.705 s
[INFO]: split.8.fastq DNA dataset shape: (39440, 4462)
[INFO]: split.8.fastq Q score dataset shape: (39440, 4462)
[INFO]: split.8.fastq Peptide dataset shape: (39440, 670)
[INFO]: -----------------------------------------------------------------
[INFO]: Queuing <template_breakdown> routine. . .
[INFO]: The operation took 0.003 s
[INFO]: split.8.fastq DNA dataset shape: (39440, 4462)
[INFO]: split.8.fastq Q score dataset shape: (39440, 4462)
[INFO]: split.8.fastq Peptide dataset shape: (39440, 670)
[INFO]: -----------------------------------------------------------------
[INFO]: Queuing <unpad_data> routine. . .
[INFO]: The operation took 0.718 s
[INFO]: split.8.fastq DNA dataset shape: (39440, 1637)
[INFO]: split.8.fastq Q score dataset shape: (39440, 1637)
[INFO]: split.8.fastq Peptide dataset shape: (39440, 670)
[INFO]: -----------------------------------------------------------------
[INFO]: Queuing <save_data> routine. . .
[INFO]: The operation took 0.079 s
[INFO]: split.8.fastq DNA dataset shape: (39440, 1637)
[INFO]: split.8.fastq Q score dataset shape: (39440, 1637)
[INFO]: split.8.fastq Peptide dataset shape: (39440, 670)
[INFO]: -----------------------------------------------------------------
[INFO]: Queuing <template_breakdown> routine. . .
[INFO]: The operation took 0.003 s
[INFO]: split.8.fastq DNA dataset shape: (39440, 1637)
[INFO]: split.8.fastq Q score dataset shape: (39440, 1637)
[INFO]: split.8.fastq Peptide dataset shape: (39440, 670)
[INFO]: -----------------------------------------------------------------
[INFO]: Fetching split.9.fastq.gz. . .
[INFO]: 10 routines appended to pipeline; current queue size: 10
[INFO]: split.9.fastq DNA dataset shape: (223100,)
[INFO]: split.9.fastq Q score dataset shape: (223100,)
[INFO]: split.9.fastq Peptide dataset shape: None
[INFO]: -----------------------------------------------------------------
[INFO]: Queuing <translate_dna> routine. . .
[INFO]: The operation took 20.633 s
[INFO]: split.9.fastq DNA dataset shape: (223100, 3379)
[INFO]: split.9.fastq Q score dataset shape: (223100, 3379)
[INFO]: split.9.fastq Peptide dataset shape: (223100, 536)
[INFO]: -----------------------------------------------------------------
[INFO]: Queuing <q_score_filter> routine. . .
[INFO]: The operation took 1.041 s
[INFO]: split.9.fastq DNA dataset shape: (223100, 3379)
[INFO]: split.9.fastq Q score dataset shape: (223100, 3379)
[INFO]: split.9.fastq Peptide dataset shape: (223100, 536)
[INFO]: -----------------------------------------------------------------
[INFO]: Queuing <_cr_filter_fuzzy> routine. . .
[INFO]: The operation took 269.59 s
[INFO]: split.9.fastq DNA dataset shape: (39746, 3379)
[INFO]: split.9.fastq Q score dataset shape: (39746, 3379)
[INFO]: split.9.fastq Peptide dataset shape: (39746, 536)
[INFO]: -----------------------------------------------------------------
[INFO]: Queuing <fetch_fuzzy> routine. . .
[INFO]: The operation took 105.026 s
[INFO]: split.9.fastq DNA dataset shape: (39746, 3379)
[INFO]: split.9.fastq Q score dataset shape: (39746, 3379)
[INFO]: split.9.fastq Peptide dataset shape: (39746, 535)
[INFO]: -----------------------------------------------------------------
[INFO]: Queuing <full_count_summary> routine. . .
[INFO]: The operation took 17.984 s
[INFO]: split.9.fastq DNA dataset shape: (39746, 3379)
[INFO]: split.9.fastq Q score dataset shape: (39746, 3379)
[INFO]: split.9.fastq Peptide dataset shape: (39746, 535)
[INFO]: -----------------------------------------------------------------
[INFO]: Queuing <full_count_summary> routine. . .
[INFO]: The operation took 3.116 s
[INFO]: split.9.fastq DNA dataset shape: (39746, 3379)
[INFO]: split.9.fastq Q score dataset shape: (39746, 3379)
[INFO]: split.9.fastq Peptide dataset shape: (39746, 535)
[INFO]: -----------------------------------------------------------------
[INFO]: Queuing <template_breakdown> routine. . .
[INFO]: The operation took 0.003 s
[INFO]: split.9.fastq DNA dataset shape: (39746, 3379)
[INFO]: split.9.fastq Q score dataset shape: (39746, 3379)
[INFO]: split.9.fastq Peptide dataset shape: (39746, 535)
[INFO]: -----------------------------------------------------------------
[INFO]: Queuing <unpad_data> routine. . .
[INFO]: The operation took 0.616 s
[INFO]: split.9.fastq DNA dataset shape: (39746, 1667)
[INFO]: split.9.fastq Q score dataset shape: (39746, 1667)
[INFO]: split.9.fastq Peptide dataset shape: (39746, 535)
[INFO]: -----------------------------------------------------------------
[INFO]: Queuing <save_data> routine. . .
[INFO]: The operation took 0.11 s
[INFO]: split.9.fastq DNA dataset shape: (39746, 1667)
[INFO]: split.9.fastq Q score dataset shape: (39746, 1667)
[INFO]: split.9.fastq Peptide dataset shape: (39746, 535)
[INFO]: -----------------------------------------------------------------
[INFO]: Queuing <template_breakdown> routine. . .
[INFO]: The operation took 0.003 s
[INFO]: split.9.fastq DNA dataset shape: (39746, 1667)
[INFO]: split.9.fastq Q score dataset shape: (39746, 1667)
[INFO]: split.9.fastq Peptide dataset shape: (39746, 535)
[INFO]: -----------------------------------------------------------------
[INFO]: Fetching split.10.fastq.gz. . .
[INFO]: 10 routines appended to pipeline; current queue size: 10
[INFO]: split.10.fastq DNA dataset shape: (223100,)
[INFO]: split.10.fastq Q score dataset shape: (223100,)
[INFO]: split.10.fastq Peptide dataset shape: None
[INFO]: -----------------------------------------------------------------
[INFO]: Queuing <translate_dna> routine. . .
[INFO]: The operation took 22.953 s
[INFO]: split.10.fastq DNA dataset shape: (223100, 6261)
[INFO]: split.10.fastq Q score dataset shape: (223100, 6261)
[INFO]: split.10.fastq Peptide dataset shape: (223100, 539)
[INFO]: -----------------------------------------------------------------
[INFO]: Queuing <q_score_filter> routine. . .
[INFO]: The operation took 5.357 s
[INFO]: split.10.fastq DNA dataset shape: (223100, 6261)
[INFO]: split.10.fastq Q score dataset shape: (223100, 6261)
[INFO]: split.10.fastq Peptide dataset shape: (223100, 539)
[INFO]: -----------------------------------------------------------------
[INFO]: Queuing <_cr_filter_fuzzy> routine. . .
[INFO]: The operation took 269.728 s
[INFO]: split.10.fastq DNA dataset shape: (39407, 6261)
[INFO]: split.10.fastq Q score dataset shape: (39407, 6261)
[INFO]: split.10.fastq Peptide dataset shape: (39407, 539)
[INFO]: -----------------------------------------------------------------
[INFO]: Queuing <fetch_fuzzy> routine. . .
[INFO]: The operation took 103.7 s
[INFO]: split.10.fastq DNA dataset shape: (39407, 6261)
[INFO]: split.10.fastq Q score dataset shape: (39407, 6261)
[INFO]: split.10.fastq Peptide dataset shape: (39407, 457)
[INFO]: -----------------------------------------------------------------
[INFO]: Queuing <full_count_summary> routine. . .
[INFO]: The operation took 29.562 s
[INFO]: split.10.fastq DNA dataset shape: (39407, 6261)
[INFO]: split.10.fastq Q score dataset shape: (39407, 6261)
[INFO]: split.10.fastq Peptide dataset shape: (39407, 457)
[INFO]: -----------------------------------------------------------------
[INFO]: Queuing <full_count_summary> routine. . .
[INFO]: The operation took 2.743 s
[INFO]: split.10.fastq DNA dataset shape: (39407, 6261)
[INFO]: split.10.fastq Q score dataset shape: (39407, 6261)
[INFO]: split.10.fastq Peptide dataset shape: (39407, 457)
[INFO]: -----------------------------------------------------------------
[INFO]: Queuing <template_breakdown> routine. . .
[INFO]: The operation took 0.003 s
[INFO]: split.10.fastq DNA dataset shape: (39407, 6261)
[INFO]: split.10.fastq Q score dataset shape: (39407, 6261)
[INFO]: split.10.fastq Peptide dataset shape: (39407, 457)
[INFO]: -----------------------------------------------------------------
[INFO]: Queuing <unpad_data> routine. . .
[INFO]: The operation took 1.061 s
[INFO]: split.10.fastq DNA dataset shape: (39407, 3248)
[INFO]: split.10.fastq Q score dataset shape: (39407, 3248)
[INFO]: split.10.fastq Peptide dataset shape: (39407, 457)
[INFO]: -----------------------------------------------------------------
[INFO]: Queuing <save_data> routine. . .
[INFO]: The operation took 0.075 s
[INFO]: split.10.fastq DNA dataset shape: (39407, 3248)
[INFO]: split.10.fastq Q score dataset shape: (39407, 3248)
[INFO]: split.10.fastq Peptide dataset shape: (39407, 457)
[INFO]: -----------------------------------------------------------------
[INFO]: Queuing <template_breakdown> routine. . .
[INFO]: The operation took 0.003 s
[INFO]: split.10.fastq DNA dataset shape: (39407, 3248)
[INFO]: split.10.fastq Q score dataset shape: (39407, 3248)
[INFO]: split.10.fastq Peptide dataset shape: (39407, 457)
[INFO]: -----------------------------------------------------------------
[INFO]: Fetching split.11.fastq.gz. . .
[INFO]: 10 routines appended to pipeline; current queue size: 10
[INFO]: split.11.fastq DNA dataset shape: (223100,)
[INFO]: split.11.fastq Q score dataset shape: (223100,)
[INFO]: split.11.fastq Peptide dataset shape: None
[INFO]: -----------------------------------------------------------------
[INFO]: Queuing <translate_dna> routine. . .
[INFO]: The operation took 21.893 s
[INFO]: split.11.fastq DNA dataset shape: (223100, 5137)
[INFO]: split.11.fastq Q score dataset shape: (223100, 5137)
[INFO]: split.11.fastq Peptide dataset shape: (223100, 524)
[INFO]: -----------------------------------------------------------------
[INFO]: Queuing <q_score_filter> routine. . .
[INFO]: The operation took 1.428 s
[INFO]: split.11.fastq DNA dataset shape: (223100, 5137)
[INFO]: split.11.fastq Q score dataset shape: (223100, 5137)
[INFO]: split.11.fastq Peptide dataset shape: (223100, 524)
[INFO]: -----------------------------------------------------------------
[INFO]: Queuing <_cr_filter_fuzzy> routine. . .
[INFO]: The operation took 271.073 s
[INFO]: split.11.fastq DNA dataset shape: (39385, 5137)
[INFO]: split.11.fastq Q score dataset shape: (39385, 5137)
[INFO]: split.11.fastq Peptide dataset shape: (39385, 524)
[INFO]: -----------------------------------------------------------------
[INFO]: Queuing <fetch_fuzzy> routine. . .
[INFO]: The operation took 104.282 s
[INFO]: split.11.fastq DNA dataset shape: (39385, 5137)
[INFO]: split.11.fastq Q score dataset shape: (39385, 5137)
[INFO]: split.11.fastq Peptide dataset shape: (39385, 472)
[INFO]: -----------------------------------------------------------------
[INFO]: Queuing <full_count_summary> routine. . .
[INFO]: The operation took 24.599 s
[INFO]: split.11.fastq DNA dataset shape: (39385, 5137)
[INFO]: split.11.fastq Q score dataset shape: (39385, 5137)
[INFO]: split.11.fastq Peptide dataset shape: (39385, 472)
[INFO]: -----------------------------------------------------------------
[INFO]: Queuing <full_count_summary> routine. . .
[INFO]: The operation took 2.731 s
[INFO]: split.11.fastq DNA dataset shape: (39385, 5137)
[INFO]: split.11.fastq Q score dataset shape: (39385, 5137)
[INFO]: split.11.fastq Peptide dataset shape: (39385, 472)
[INFO]: -----------------------------------------------------------------
[INFO]: Queuing <template_breakdown> routine. . .
[INFO]: The operation took 0.003 s
[INFO]: split.11.fastq DNA dataset shape: (39385, 5137)
[INFO]: split.11.fastq Q score dataset shape: (39385, 5137)
[INFO]: split.11.fastq Peptide dataset shape: (39385, 472)
[INFO]: -----------------------------------------------------------------
[INFO]: Queuing <unpad_data> routine. . .
[INFO]: The operation took 0.837 s
[INFO]: split.11.fastq DNA dataset shape: (39385, 2409)
[INFO]: split.11.fastq Q score dataset shape: (39385, 2409)
[INFO]: split.11.fastq Peptide dataset shape: (39385, 472)
[INFO]: -----------------------------------------------------------------
[INFO]: Queuing <save_data> routine. . .
[INFO]: The operation took 0.127 s
[INFO]: split.11.fastq DNA dataset shape: (39385, 2409)
[INFO]: split.11.fastq Q score dataset shape: (39385, 2409)
[INFO]: split.11.fastq Peptide dataset shape: (39385, 472)
[INFO]: -----------------------------------------------------------------
[INFO]: Queuing <template_breakdown> routine. . .
[INFO]: The operation took 0.003 s
[INFO]: split.11.fastq DNA dataset shape: (39385, 2409)
[INFO]: split.11.fastq Q score dataset shape: (39385, 2409)
[INFO]: split.11.fastq Peptide dataset shape: (39385, 472)
[INFO]: -----------------------------------------------------------------
[INFO]: Fetching split.12.fastq.gz. . .
[INFO]: 10 routines appended to pipeline; current queue size: 10
[INFO]: split.12.fastq DNA dataset shape: (223100,)
[INFO]: split.12.fastq Q score dataset shape: (223100,)
[INFO]: split.12.fastq Peptide dataset shape: None
[INFO]: -----------------------------------------------------------------
[INFO]: Queuing <translate_dna> routine. . .
[INFO]: The operation took 20.22 s
[INFO]: split.12.fastq DNA dataset shape: (223100, 3341)
[INFO]: split.12.fastq Q score dataset shape: (223100, 3341)
[INFO]: split.12.fastq Peptide dataset shape: (223100, 528)
[INFO]: -----------------------------------------------------------------
[INFO]: Queuing <q_score_filter> routine. . .
[INFO]: The operation took 1.031 s
[INFO]: split.12.fastq DNA dataset shape: (223100, 3341)
[INFO]: split.12.fastq Q score dataset shape: (223100, 3341)
[INFO]: split.12.fastq Peptide dataset shape: (223100, 528)
[INFO]: -----------------------------------------------------------------
[INFO]: Queuing <_cr_filter_fuzzy> routine. . .
[INFO]: The operation took 269.512 s
[INFO]: split.12.fastq DNA dataset shape: (39308, 3341)
[INFO]: split.12.fastq Q score dataset shape: (39308, 3341)
[INFO]: split.12.fastq Peptide dataset shape: (39308, 528)
[INFO]: -----------------------------------------------------------------
[INFO]: Queuing <fetch_fuzzy> routine. . .
[INFO]: The operation took 104.02 s
[INFO]: split.12.fastq DNA dataset shape: (39308, 3341)
[INFO]: split.12.fastq Q score dataset shape: (39308, 3341)
[INFO]: split.12.fastq Peptide dataset shape: (39308, 507)
[INFO]: -----------------------------------------------------------------
[INFO]: Queuing <full_count_summary> routine. . .
[INFO]: The operation took 17.41 s
[INFO]: split.12.fastq DNA dataset shape: (39308, 3341)
[INFO]: split.12.fastq Q score dataset shape: (39308, 3341)
[INFO]: split.12.fastq Peptide dataset shape: (39308, 507)
[INFO]: -----------------------------------------------------------------
[INFO]: Queuing <full_count_summary> routine. . .
[INFO]: The operation took 2.95 s
[INFO]: split.12.fastq DNA dataset shape: (39308, 3341)
[INFO]: split.12.fastq Q score dataset shape: (39308, 3341)
[INFO]: split.12.fastq Peptide dataset shape: (39308, 507)
[INFO]: -----------------------------------------------------------------
[INFO]: Queuing <template_breakdown> routine. . .
[INFO]: The operation took 0.003 s
[INFO]: split.12.fastq DNA dataset shape: (39308, 3341)
[INFO]: split.12.fastq Q score dataset shape: (39308, 3341)
[INFO]: split.12.fastq Peptide dataset shape: (39308, 507)
[INFO]: -----------------------------------------------------------------
[INFO]: Queuing <unpad_data> routine. . .
[INFO]: The operation took 0.607 s
[INFO]: split.12.fastq DNA dataset shape: (39308, 1649)
[INFO]: split.12.fastq Q score dataset shape: (39308, 1649)
[INFO]: split.12.fastq Peptide dataset shape: (39308, 507)
[INFO]: -----------------------------------------------------------------
[INFO]: Queuing <save_data> routine. . .
[INFO]: The operation took 0.087 s
[INFO]: split.12.fastq DNA dataset shape: (39308, 1649)
[INFO]: split.12.fastq Q score dataset shape: (39308, 1649)
[INFO]: split.12.fastq Peptide dataset shape: (39308, 507)
[INFO]: -----------------------------------------------------------------
[INFO]: Queuing <template_breakdown> routine. . .
[INFO]: The operation took 0.003 s
[INFO]: split.12.fastq DNA dataset shape: (39308, 1649)
[INFO]: split.12.fastq Q score dataset shape: (39308, 1649)
[INFO]: split.12.fastq Peptide dataset shape: (39308, 507)
[INFO]: -----------------------------------------------------------------
[INFO]: Fetching split.13.fastq.gz. . .
[INFO]: 10 routines appended to pipeline; current queue size: 10
[INFO]: split.13.fastq DNA dataset shape: (223100,)
[INFO]: split.13.fastq Q score dataset shape: (223100,)
[INFO]: split.13.fastq Peptide dataset shape: None
[INFO]: -----------------------------------------------------------------
[INFO]: Queuing <translate_dna> routine. . .
[INFO]: The operation took 21.866 s
[INFO]: split.13.fastq DNA dataset shape: (223100, 4908)
[INFO]: split.13.fastq Q score dataset shape: (223100, 4908)
[INFO]: split.13.fastq Peptide dataset shape: (223100, 530)
[INFO]: -----------------------------------------------------------------
[INFO]: Queuing <q_score_filter> routine. . .
[INFO]: The operation took 1.378 s
[INFO]: split.13.fastq DNA dataset shape: (223100, 4908)
[INFO]: split.13.fastq Q score dataset shape: (223100, 4908)
[INFO]: split.13.fastq Peptide dataset shape: (223100, 530)
[INFO]: -----------------------------------------------------------------
[INFO]: Queuing <_cr_filter_fuzzy> routine. . .
[INFO]: The operation took 274.854 s
[INFO]: split.13.fastq DNA dataset shape: (39513, 4908)
[INFO]: split.13.fastq Q score dataset shape: (39513, 4908)
[INFO]: split.13.fastq Peptide dataset shape: (39513, 530)
[INFO]: -----------------------------------------------------------------
[INFO]: Queuing <fetch_fuzzy> routine. . .
[INFO]: The operation took 107.395 s
[INFO]: split.13.fastq DNA dataset shape: (39513, 4908)
[INFO]: split.13.fastq Q score dataset shape: (39513, 4908)
[INFO]: split.13.fastq Peptide dataset shape: (39513, 478)
[INFO]: -----------------------------------------------------------------
[INFO]: Queuing <full_count_summary> routine. . .
[INFO]: The operation took 23.734 s
[INFO]: split.13.fastq DNA dataset shape: (39513, 4908)
[INFO]: split.13.fastq Q score dataset shape: (39513, 4908)
[INFO]: split.13.fastq Peptide dataset shape: (39513, 478)
[INFO]: -----------------------------------------------------------------
[INFO]: Queuing <full_count_summary> routine. . .
[INFO]: The operation took 2.765 s
[INFO]: split.13.fastq DNA dataset shape: (39513, 4908)
[INFO]: split.13.fastq Q score dataset shape: (39513, 4908)
[INFO]: split.13.fastq Peptide dataset shape: (39513, 478)
[INFO]: -----------------------------------------------------------------
[INFO]: Queuing <template_breakdown> routine. . .
[INFO]: The operation took 0.003 s
[INFO]: split.13.fastq DNA dataset shape: (39513, 4908)
[INFO]: split.13.fastq Q score dataset shape: (39513, 4908)
[INFO]: split.13.fastq Peptide dataset shape: (39513, 478)
[INFO]: -----------------------------------------------------------------
[INFO]: Queuing <unpad_data> routine. . .
[INFO]: The operation took 0.783 s
[INFO]: split.13.fastq DNA dataset shape: (39513, 2393)
[INFO]: split.13.fastq Q score dataset shape: (39513, 2393)
[INFO]: split.13.fastq Peptide dataset shape: (39513, 478)
[INFO]: -----------------------------------------------------------------
[INFO]: Queuing <save_data> routine. . .
[INFO]: The operation took 0.089 s
[INFO]: split.13.fastq DNA dataset shape: (39513, 2393)
[INFO]: split.13.fastq Q score dataset shape: (39513, 2393)
[INFO]: split.13.fastq Peptide dataset shape: (39513, 478)
[INFO]: -----------------------------------------------------------------
[INFO]: Queuing <template_breakdown> routine. . .
[INFO]: The operation took 0.003 s
[INFO]: split.13.fastq DNA dataset shape: (39513, 2393)
[INFO]: split.13.fastq Q score dataset shape: (39513, 2393)
[INFO]: split.13.fastq Peptide dataset shape: (39513, 478)
[INFO]: -----------------------------------------------------------------
[INFO]: Fetching split.14.fastq.gz. . .
[INFO]: 10 routines appended to pipeline; current queue size: 10
[INFO]: split.14.fastq DNA dataset shape: (223065,)
[INFO]: split.14.fastq Q score dataset shape: (223065,)
[INFO]: split.14.fastq Peptide dataset shape: None
[INFO]: -----------------------------------------------------------------
[INFO]: Queuing <translate_dna> routine. . .
[INFO]: The operation took 27.468 s
[INFO]: split.14.fastq DNA dataset shape: (223065, 10216)
[INFO]: split.14.fastq Q score dataset shape: (223065, 10216)
[INFO]: split.14.fastq Peptide dataset shape: (223065, 529)
[INFO]: -----------------------------------------------------------------
[INFO]: Queuing <q_score_filter> routine. . .
[INFO]: The operation took 32.735 s
[INFO]: split.14.fastq DNA dataset shape: (223065, 10216)
[INFO]: split.14.fastq Q score dataset shape: (223065, 10216)
[INFO]: split.14.fastq Peptide dataset shape: (223065, 529)
[INFO]: -----------------------------------------------------------------
[INFO]: Queuing <_cr_filter_fuzzy> routine. . .
[INFO]: The operation took 269.542 s
[INFO]: split.14.fastq DNA dataset shape: (39465, 10216)
[INFO]: split.14.fastq Q score dataset shape: (39465, 10216)
[INFO]: split.14.fastq Peptide dataset shape: (39465, 529)
[INFO]: -----------------------------------------------------------------
[INFO]: Queuing <fetch_fuzzy> routine. . .
[INFO]: The operation took 103.767 s
[INFO]: split.14.fastq DNA dataset shape: (39465, 10216)
[INFO]: split.14.fastq Q score dataset shape: (39465, 10216)
[INFO]: split.14.fastq Peptide dataset shape: (39465, 405)
[INFO]: -----------------------------------------------------------------
[INFO]: Queuing <full_count_summary> routine. . .
[INFO]: The operation took 45.963 s
[INFO]: split.14.fastq DNA dataset shape: (39465, 10216)
[INFO]: split.14.fastq Q score dataset shape: (39465, 10216)
[INFO]: split.14.fastq Peptide dataset shape: (39465, 405)
[INFO]: -----------------------------------------------------------------
[INFO]: Queuing <full_count_summary> routine. . .
[INFO]: The operation took 2.456 s
[INFO]: split.14.fastq DNA dataset shape: (39465, 10216)
[INFO]: split.14.fastq Q score dataset shape: (39465, 10216)
[INFO]: split.14.fastq Peptide dataset shape: (39465, 405)
[INFO]: -----------------------------------------------------------------
[INFO]: Queuing <template_breakdown> routine. . .
[INFO]: The operation took 0.003 s
[INFO]: split.14.fastq DNA dataset shape: (39465, 10216)
[INFO]: split.14.fastq Q score dataset shape: (39465, 10216)
[INFO]: split.14.fastq Peptide dataset shape: (39465, 405)
[INFO]: -----------------------------------------------------------------
[INFO]: Queuing <unpad_data> routine. . .
[INFO]: The operation took 1.22 s
[INFO]: split.14.fastq DNA dataset shape: (39465, 1614)
[INFO]: split.14.fastq Q score dataset shape: (39465, 1614)
[INFO]: split.14.fastq Peptide dataset shape: (39465, 405)
[INFO]: -----------------------------------------------------------------
[INFO]: Queuing <save_data> routine. . .
[INFO]: The operation took 0.076 s
[INFO]: split.14.fastq DNA dataset shape: (39465, 1614)
[INFO]: split.14.fastq Q score dataset shape: (39465, 1614)
[INFO]: split.14.fastq Peptide dataset shape: (39465, 405)
[INFO]: -----------------------------------------------------------------
[INFO]: Queuing <template_breakdown> routine. . .
[INFO]: The operation took 0.003 s
[INFO]: split.14.fastq DNA dataset shape: (39465, 1614)
[INFO]: split.14.fastq Q score dataset shape: (39465, 1614)
[INFO]: split.14.fastq Peptide dataset shape: (39465, 405)
[INFO]: -----------------------------------------------------------------
[INFO]: Fetching split.15.fastq.gz. . .
[INFO]: 10 routines appended to pipeline; current queue size: 10
[INFO]: split.15.fastq DNA dataset shape: (223000,)
[INFO]: split.15.fastq Q score dataset shape: (223000,)
[INFO]: split.15.fastq Peptide dataset shape: None
[INFO]: -----------------------------------------------------------------
[INFO]: Queuing <translate_dna> routine. . .
[INFO]: The operation took 23.65 s
[INFO]: split.15.fastq DNA dataset shape: (223000, 7002)
[INFO]: split.15.fastq Q score dataset shape: (223000, 7002)
[INFO]: split.15.fastq Peptide dataset shape: (223000, 530)
[INFO]: -----------------------------------------------------------------
[INFO]: Queuing <q_score_filter> routine. . .
[INFO]: The operation took 1.842 s
[INFO]: split.15.fastq DNA dataset shape: (223000, 7002)
[INFO]: split.15.fastq Q score dataset shape: (223000, 7002)
[INFO]: split.15.fastq Peptide dataset shape: (223000, 530)
[INFO]: -----------------------------------------------------------------
[INFO]: Queuing <_cr_filter_fuzzy> routine. . .
[INFO]: The operation took 269.745 s
[INFO]: split.15.fastq DNA dataset shape: (39493, 7002)
[INFO]: split.15.fastq Q score dataset shape: (39493, 7002)
[INFO]: split.15.fastq Peptide dataset shape: (39493, 530)
[INFO]: -----------------------------------------------------------------
[INFO]: Queuing <fetch_fuzzy> routine. . .
[INFO]: The operation took 104.186 s
[INFO]: split.15.fastq DNA dataset shape: (39493, 7002)
[INFO]: split.15.fastq Q score dataset shape: (39493, 7002)
[INFO]: split.15.fastq Peptide dataset shape: (39493, 515)
[INFO]: -----------------------------------------------------------------
[INFO]: Queuing <full_count_summary> routine. . .
[INFO]: The operation took 33.122 s
[INFO]: split.15.fastq DNA dataset shape: (39493, 7002)
[INFO]: split.15.fastq Q score dataset shape: (39493, 7002)
[INFO]: split.15.fastq Peptide dataset shape: (39493, 515)
[INFO]: -----------------------------------------------------------------
[INFO]: Queuing <full_count_summary> routine. . .
[INFO]: The operation took 2.982 s
[INFO]: split.15.fastq DNA dataset shape: (39493, 7002)
[INFO]: split.15.fastq Q score dataset shape: (39493, 7002)
[INFO]: split.15.fastq Peptide dataset shape: (39493, 515)
[INFO]: -----------------------------------------------------------------
[INFO]: Queuing <template_breakdown> routine. . .
[INFO]: The operation took 0.003 s
[INFO]: split.15.fastq DNA dataset shape: (39493, 7002)
[INFO]: split.15.fastq Q score dataset shape: (39493, 7002)
[INFO]: split.15.fastq Peptide dataset shape: (39493, 515)
[INFO]: -----------------------------------------------------------------
[INFO]: Queuing <unpad_data> routine. . .
[INFO]: The operation took 1.04 s
[INFO]: split.15.fastq DNA dataset shape: (39493, 2484)
[INFO]: split.15.fastq Q score dataset shape: (39493, 2484)
[INFO]: split.15.fastq Peptide dataset shape: (39493, 515)
[INFO]: -----------------------------------------------------------------
[INFO]: Queuing <save_data> routine. . .
[INFO]: The operation took 0.072 s
[INFO]: split.15.fastq DNA dataset shape: (39493, 2484)
[INFO]: split.15.fastq Q score dataset shape: (39493, 2484)
[INFO]: split.15.fastq Peptide dataset shape: (39493, 515)
[INFO]: -----------------------------------------------------------------
[INFO]: Queuing <template_breakdown> routine. . .
[INFO]: The operation took 0.003 s
[INFO]: split.15.fastq DNA dataset shape: (39493, 2484)
[INFO]: split.15.fastq Q score dataset shape: (39493, 2484)
[INFO]: split.15.fastq Peptide dataset shape: (39493, 515)
[INFO]: -----------------------------------------------------------------
[INFO]: Fetching split.16.fastq.gz. . .
[INFO]: 10 routines appended to pipeline; current queue size: 10
[INFO]: split.16.fastq DNA dataset shape: (223000,)
[INFO]: split.16.fastq Q score dataset shape: (223000,)
[INFO]: split.16.fastq Peptide dataset shape: None
[INFO]: -----------------------------------------------------------------
[INFO]: Queuing <translate_dna> routine. . .
[INFO]: The operation took 23.829 s
[INFO]: split.16.fastq DNA dataset shape: (223000, 7121)
[INFO]: split.16.fastq Q score dataset shape: (223000, 7121)
[INFO]: split.16.fastq Peptide dataset shape: (223000, 535)
[INFO]: -----------------------------------------------------------------
[INFO]: Queuing <q_score_filter> routine. . .
[INFO]: The operation took 1.867 s
[INFO]: split.16.fastq DNA dataset shape: (223000, 7121)
[INFO]: split.16.fastq Q score dataset shape: (223000, 7121)
[INFO]: split.16.fastq Peptide dataset shape: (223000, 535)
[INFO]: -----------------------------------------------------------------
[INFO]: Queuing <_cr_filter_fuzzy> routine. . .
[INFO]: The operation took 269.737 s
[INFO]: split.16.fastq DNA dataset shape: (39518, 7121)
[INFO]: split.16.fastq Q score dataset shape: (39518, 7121)
[INFO]: split.16.fastq Peptide dataset shape: (39518, 535)
[INFO]: -----------------------------------------------------------------
[INFO]: Queuing <fetch_fuzzy> routine. . .
[INFO]: The operation took 104.562 s
[INFO]: split.16.fastq DNA dataset shape: (39518, 7121)
[INFO]: split.16.fastq Q score dataset shape: (39518, 7121)
[INFO]: split.16.fastq Peptide dataset shape: (39518, 522)
[INFO]: -----------------------------------------------------------------
[INFO]: Queuing <full_count_summary> routine. . .
[INFO]: The operation took 33.335 s
[INFO]: split.16.fastq DNA dataset shape: (39518, 7121)
[INFO]: split.16.fastq Q score dataset shape: (39518, 7121)
[INFO]: split.16.fastq Peptide dataset shape: (39518, 522)
[INFO]: -----------------------------------------------------------------
[INFO]: Queuing <full_count_summary> routine. . .
[INFO]: The operation took 2.997 s
[INFO]: split.16.fastq DNA dataset shape: (39518, 7121)
[INFO]: split.16.fastq Q score dataset shape: (39518, 7121)
[INFO]: split.16.fastq Peptide dataset shape: (39518, 522)
[INFO]: -----------------------------------------------------------------
[INFO]: Queuing <template_breakdown> routine. . .
[INFO]: The operation took 0.003 s
[INFO]: split.16.fastq DNA dataset shape: (39518, 7121)
[INFO]: split.16.fastq Q score dataset shape: (39518, 7121)
[INFO]: split.16.fastq Peptide dataset shape: (39518, 522)
[INFO]: -----------------------------------------------------------------
[INFO]: Queuing <unpad_data> routine. . .
[INFO]: The operation took 1.06 s
[INFO]: split.16.fastq DNA dataset shape: (39518, 2420)
[INFO]: split.16.fastq Q score dataset shape: (39518, 2420)
[INFO]: split.16.fastq Peptide dataset shape: (39518, 522)
[INFO]: -----------------------------------------------------------------
[INFO]: Queuing <save_data> routine. . .
[INFO]: The operation took 0.069 s
[INFO]: split.16.fastq DNA dataset shape: (39518, 2420)
[INFO]: split.16.fastq Q score dataset shape: (39518, 2420)
[INFO]: split.16.fastq Peptide dataset shape: (39518, 522)
[INFO]: -----------------------------------------------------------------
[INFO]: Queuing <template_breakdown> routine. . .
[INFO]: The operation took 0.003 s
[INFO]: split.16.fastq DNA dataset shape: (39518, 2420)
[INFO]: split.16.fastq Q score dataset shape: (39518, 2420)
[INFO]: split.16.fastq Peptide dataset shape: (39518, 522)
[INFO]: -----------------------------------------------------------------
[INFO]: Fetching split.17.fastq.gz. . .
[INFO]: 10 routines appended to pipeline; current queue size: 10
[INFO]: split.17.fastq DNA dataset shape: (223000,)
[INFO]: split.17.fastq Q score dataset shape: (223000,)
[INFO]: split.17.fastq Peptide dataset shape: None
[INFO]: -----------------------------------------------------------------
[INFO]: Queuing <translate_dna> routine. . .
[INFO]: The operation took 20.444 s
[INFO]: split.17.fastq DNA dataset shape: (223000, 3370)
[INFO]: split.17.fastq Q score dataset shape: (223000, 3370)
[INFO]: split.17.fastq Peptide dataset shape: (223000, 526)
[INFO]: -----------------------------------------------------------------
[INFO]: Queuing <q_score_filter> routine. . .
[INFO]: The operation took 1.033 s
[INFO]: split.17.fastq DNA dataset shape: (223000, 3370)
[INFO]: split.17.fastq Q score dataset shape: (223000, 3370)
[INFO]: split.17.fastq Peptide dataset shape: (223000, 526)
[INFO]: -----------------------------------------------------------------
[INFO]: Queuing <_cr_filter_fuzzy> routine. . .
[INFO]: The operation took 270.625 s
[INFO]: split.17.fastq DNA dataset shape: (39459, 3370)
[INFO]: split.17.fastq Q score dataset shape: (39459, 3370)
[INFO]: split.17.fastq Peptide dataset shape: (39459, 526)
[INFO]: -----------------------------------------------------------------
[INFO]: Queuing <fetch_fuzzy> routine. . .
[INFO]: The operation took 103.81 s
[INFO]: split.17.fastq DNA dataset shape: (39459, 3370)
[INFO]: split.17.fastq Q score dataset shape: (39459, 3370)
[INFO]: split.17.fastq Peptide dataset shape: (39459, 517)
[INFO]: -----------------------------------------------------------------
[INFO]: Queuing <full_count_summary> routine. . .
[INFO]: The operation took 17.648 s
[INFO]: split.17.fastq DNA dataset shape: (39459, 3370)
[INFO]: split.17.fastq Q score dataset shape: (39459, 3370)
[INFO]: split.17.fastq Peptide dataset shape: (39459, 517)
[INFO]: -----------------------------------------------------------------
[INFO]: Queuing <full_count_summary> routine. . .
[INFO]: The operation took 2.996 s
[INFO]: split.17.fastq DNA dataset shape: (39459, 3370)
[INFO]: split.17.fastq Q score dataset shape: (39459, 3370)
[INFO]: split.17.fastq Peptide dataset shape: (39459, 517)
[INFO]: -----------------------------------------------------------------
[INFO]: Queuing <template_breakdown> routine. . .
[INFO]: The operation took 0.003 s
[INFO]: split.17.fastq DNA dataset shape: (39459, 3370)
[INFO]: split.17.fastq Q score dataset shape: (39459, 3370)
[INFO]: split.17.fastq Peptide dataset shape: (39459, 517)
[INFO]: -----------------------------------------------------------------
[INFO]: Queuing <unpad_data> routine. . .
[INFO]: The operation took 0.674 s
[INFO]: split.17.fastq DNA dataset shape: (39459, 2450)
[INFO]: split.17.fastq Q score dataset shape: (39459, 2450)
[INFO]: split.17.fastq Peptide dataset shape: (39459, 517)
[INFO]: -----------------------------------------------------------------
[INFO]: Queuing <save_data> routine. . .
[INFO]: The operation took 0.062 s
[INFO]: split.17.fastq DNA dataset shape: (39459, 2450)
[INFO]: split.17.fastq Q score dataset shape: (39459, 2450)
[INFO]: split.17.fastq Peptide dataset shape: (39459, 517)
[INFO]: -----------------------------------------------------------------
[INFO]: Queuing <template_breakdown> routine. . .
[INFO]: The operation took 0.003 s
[INFO]: split.17.fastq DNA dataset shape: (39459, 2450)
[INFO]: split.17.fastq Q score dataset shape: (39459, 2450)
[INFO]: split.17.fastq Peptide dataset shape: (39459, 517)
[INFO]: -----------------------------------------------------------------
[INFO]: Fetching split.18.fastq.gz. . .
[INFO]: 10 routines appended to pipeline; current queue size: 10
[INFO]: split.18.fastq DNA dataset shape: (223000,)
[INFO]: split.18.fastq Q score dataset shape: (223000,)
[INFO]: split.18.fastq Peptide dataset shape: None
[INFO]: -----------------------------------------------------------------
[INFO]: Queuing <translate_dna> routine. . .
[INFO]: The operation took 20.375 s
[INFO]: split.18.fastq DNA dataset shape: (223000, 3280)
[INFO]: split.18.fastq Q score dataset shape: (223000, 3280)
[INFO]: split.18.fastq Peptide dataset shape: (223000, 525)
[INFO]: -----------------------------------------------------------------
[INFO]: Queuing <q_score_filter> routine. . .
[INFO]: The operation took 1.016 s
[INFO]: split.18.fastq DNA dataset shape: (223000, 3280)
[INFO]: split.18.fastq Q score dataset shape: (223000, 3280)
[INFO]: split.18.fastq Peptide dataset shape: (223000, 525)
[INFO]: -----------------------------------------------------------------
[INFO]: Queuing <_cr_filter_fuzzy> routine. . .
[INFO]: The operation took 274.712 s
[INFO]: split.18.fastq DNA dataset shape: (39589, 3280)
[INFO]: split.18.fastq Q score dataset shape: (39589, 3280)
[INFO]: split.18.fastq Peptide dataset shape: (39589, 525)
[INFO]: -----------------------------------------------------------------
[INFO]: Queuing <fetch_fuzzy> routine. . .
[INFO]: The operation took 104.15 s
[INFO]: split.18.fastq DNA dataset shape: (39589, 3280)
[INFO]: split.18.fastq Q score dataset shape: (39589, 3280)
[INFO]: split.18.fastq Peptide dataset shape: (39589, 511)
[INFO]: -----------------------------------------------------------------
[INFO]: Queuing <full_count_summary> routine. . .
[INFO]: The operation took 17.343 s
[INFO]: split.18.fastq DNA dataset shape: (39589, 3280)
[INFO]: split.18.fastq Q score dataset shape: (39589, 3280)
[INFO]: split.18.fastq Peptide dataset shape: (39589, 511)
[INFO]: -----------------------------------------------------------------
[INFO]: Queuing <full_count_summary> routine. . .
[INFO]: The operation took 2.918 s
[INFO]: split.18.fastq DNA dataset shape: (39589, 3280)
[INFO]: split.18.fastq Q score dataset shape: (39589, 3280)
[INFO]: split.18.fastq Peptide dataset shape: (39589, 511)
[INFO]: -----------------------------------------------------------------
[INFO]: Queuing <template_breakdown> routine. . .
[INFO]: The operation took 0.003 s
[INFO]: split.18.fastq DNA dataset shape: (39589, 3280)
[INFO]: split.18.fastq Q score dataset shape: (39589, 3280)
[INFO]: split.18.fastq Peptide dataset shape: (39589, 511)
[INFO]: -----------------------------------------------------------------
[INFO]: Queuing <unpad_data> routine. . .
[INFO]: The operation took 0.609 s
[INFO]: split.18.fastq DNA dataset shape: (39589, 2498)
[INFO]: split.18.fastq Q score dataset shape: (39589, 2498)
[INFO]: split.18.fastq Peptide dataset shape: (39589, 511)
[INFO]: -----------------------------------------------------------------
[INFO]: Queuing <save_data> routine. . .
[INFO]: The operation took 0.063 s
[INFO]: split.18.fastq DNA dataset shape: (39589, 2498)
[INFO]: split.18.fastq Q score dataset shape: (39589, 2498)
[INFO]: split.18.fastq Peptide dataset shape: (39589, 511)
[INFO]: -----------------------------------------------------------------
[INFO]: Queuing <template_breakdown> routine. . .
[INFO]: The operation took 0.003 s
[INFO]: split.18.fastq DNA dataset shape: (39589, 2498)
[INFO]: split.18.fastq Q score dataset shape: (39589, 2498)
[INFO]: split.18.fastq Peptide dataset shape: (39589, 511)
[INFO]: -----------------------------------------------------------------
[INFO]: Fetching split.19.fastq.gz. . .
[INFO]: 10 routines appended to pipeline; current queue size: 10
[INFO]: split.19.fastq DNA dataset shape: (223000,)
[INFO]: split.19.fastq Q score dataset shape: (223000,)
[INFO]: split.19.fastq Peptide dataset shape: None
[INFO]: -----------------------------------------------------------------
[INFO]: Queuing <translate_dna> routine. . .
[INFO]: The operation took 20.245 s
[INFO]: split.19.fastq DNA dataset shape: (223000, 3196)
[INFO]: split.19.fastq Q score dataset shape: (223000, 3196)
[INFO]: split.19.fastq Peptide dataset shape: (223000, 530)
[INFO]: -----------------------------------------------------------------
[INFO]: Queuing <q_score_filter> routine. . .
[INFO]: The operation took 0.992 s
[INFO]: split.19.fastq DNA dataset shape: (223000, 3196)
[INFO]: split.19.fastq Q score dataset shape: (223000, 3196)
[INFO]: split.19.fastq Peptide dataset shape: (223000, 530)
[INFO]: -----------------------------------------------------------------
[INFO]: Queuing <_cr_filter_fuzzy> routine. . .
[INFO]: The operation took 268.442 s
[INFO]: split.19.fastq DNA dataset shape: (39244, 3196)
[INFO]: split.19.fastq Q score dataset shape: (39244, 3196)
[INFO]: split.19.fastq Peptide dataset shape: (39244, 530)
[INFO]: -----------------------------------------------------------------
[INFO]: Queuing <fetch_fuzzy> routine. . .
[INFO]: The operation took 103.345 s
[INFO]: split.19.fastq DNA dataset shape: (39244, 3196)
[INFO]: split.19.fastq Q score dataset shape: (39244, 3196)
[INFO]: split.19.fastq Peptide dataset shape: (39244, 510)
[INFO]: -----------------------------------------------------------------
[INFO]: Queuing <full_count_summary> routine. . .
[INFO]: The operation took 16.659 s
[INFO]: split.19.fastq DNA dataset shape: (39244, 3196)
[INFO]: split.19.fastq Q score dataset shape: (39244, 3196)
[INFO]: split.19.fastq Peptide dataset shape: (39244, 510)
[INFO]: -----------------------------------------------------------------
[INFO]: Queuing <full_count_summary> routine. . .
[INFO]: The operation took 2.917 s
[INFO]: split.19.fastq DNA dataset shape: (39244, 3196)
[INFO]: split.19.fastq Q score dataset shape: (39244, 3196)
[INFO]: split.19.fastq Peptide dataset shape: (39244, 510)
[INFO]: -----------------------------------------------------------------
[INFO]: Queuing <template_breakdown> routine. . .
[INFO]: The operation took 0.003 s
[INFO]: split.19.fastq DNA dataset shape: (39244, 3196)
[INFO]: split.19.fastq Q score dataset shape: (39244, 3196)
[INFO]: split.19.fastq Peptide dataset shape: (39244, 510)
[INFO]: -----------------------------------------------------------------
[INFO]: Queuing <unpad_data> routine. . .
[INFO]: The operation took 0.546 s
[INFO]: split.19.fastq DNA dataset shape: (39244, 1656)
[INFO]: split.19.fastq Q score dataset shape: (39244, 1656)
[INFO]: split.19.fastq Peptide dataset shape: (39244, 510)
[INFO]: -----------------------------------------------------------------
[INFO]: Queuing <save_data> routine. . .
[INFO]: The operation took 0.112 s
[INFO]: split.19.fastq DNA dataset shape: (39244, 1656)
[INFO]: split.19.fastq Q score dataset shape: (39244, 1656)
[INFO]: split.19.fastq Peptide dataset shape: (39244, 510)
[INFO]: -----------------------------------------------------------------
[INFO]: Queuing <template_breakdown> routine. . .
[INFO]: The operation took 0.003 s
[INFO]: split.19.fastq DNA dataset shape: (39244, 1656)
[INFO]: split.19.fastq Q score dataset shape: (39244, 1656)
[INFO]: split.19.fastq Peptide dataset shape: (39244, 510)
[INFO]: -----------------------------------------------------------------
[INFO]: Fetching split.20.fastq.gz. . .
[INFO]: 10 routines appended to pipeline; current queue size: 10
[INFO]: split.20.fastq DNA dataset shape: (223000,)
[INFO]: split.20.fastq Q score dataset shape: (223000,)
[INFO]: split.20.fastq Peptide dataset shape: None
[INFO]: -----------------------------------------------------------------
[INFO]: Queuing <translate_dna> routine. . .
[INFO]: The operation took 20.36 s
[INFO]: split.20.fastq DNA dataset shape: (223000, 3355)
[INFO]: split.20.fastq Q score dataset shape: (223000, 3355)
[INFO]: split.20.fastq Peptide dataset shape: (223000, 535)
[INFO]: -----------------------------------------------------------------
[INFO]: Queuing <q_score_filter> routine. . .
[INFO]: The operation took 1.042 s
[INFO]: split.20.fastq DNA dataset shape: (223000, 3355)
[INFO]: split.20.fastq Q score dataset shape: (223000, 3355)
[INFO]: split.20.fastq Peptide dataset shape: (223000, 535)
[INFO]: -----------------------------------------------------------------
[INFO]: Queuing <_cr_filter_fuzzy> routine. . .
[INFO]: The operation took 270.812 s
[INFO]: split.20.fastq DNA dataset shape: (39419, 3355)
[INFO]: split.20.fastq Q score dataset shape: (39419, 3355)
[INFO]: split.20.fastq Peptide dataset shape: (39419, 535)
[INFO]: -----------------------------------------------------------------
[INFO]: Queuing <fetch_fuzzy> routine. . .
[INFO]: The operation took 103.514 s
[INFO]: split.20.fastq DNA dataset shape: (39419, 3355)
[INFO]: split.20.fastq Q score dataset shape: (39419, 3355)
[INFO]: split.20.fastq Peptide dataset shape: (39419, 517)
[INFO]: -----------------------------------------------------------------
[INFO]: Queuing <full_count_summary> routine. . .
[INFO]: The operation took 17.576 s
[INFO]: split.20.fastq DNA dataset shape: (39419, 3355)
[INFO]: split.20.fastq Q score dataset shape: (39419, 3355)
[INFO]: split.20.fastq Peptide dataset shape: (39419, 517)
[INFO]: -----------------------------------------------------------------
[INFO]: Queuing <full_count_summary> routine. . .
[INFO]: The operation took 2.998 s
[INFO]: split.20.fastq DNA dataset shape: (39419, 3355)
[INFO]: split.20.fastq Q score dataset shape: (39419, 3355)
[INFO]: split.20.fastq Peptide dataset shape: (39419, 517)
[INFO]: -----------------------------------------------------------------
[INFO]: Queuing <template_breakdown> routine. . .
[INFO]: The operation took 0.003 s
[INFO]: split.20.fastq DNA dataset shape: (39419, 3355)
[INFO]: split.20.fastq Q score dataset shape: (39419, 3355)
[INFO]: split.20.fastq Peptide dataset shape: (39419, 517)
[INFO]: -----------------------------------------------------------------
[INFO]: Queuing <unpad_data> routine. . .
[INFO]: The operation took 0.599 s
[INFO]: split.20.fastq DNA dataset shape: (39419, 1626)
[INFO]: split.20.fastq Q score dataset shape: (39419, 1626)
[INFO]: split.20.fastq Peptide dataset shape: (39419, 517)
[INFO]: -----------------------------------------------------------------
[INFO]: Queuing <save_data> routine. . .
[INFO]: The operation took 0.101 s
[INFO]: split.20.fastq DNA dataset shape: (39419, 1626)
[INFO]: split.20.fastq Q score dataset shape: (39419, 1626)
[INFO]: split.20.fastq Peptide dataset shape: (39419, 517)
[INFO]: -----------------------------------------------------------------
[INFO]: Queuing <template_breakdown> routine. . .
[INFO]: The operation took 0.003 s
[INFO]: split.20.fastq DNA dataset shape: (39419, 1626)
[INFO]: split.20.fastq Q score dataset shape: (39419, 1626)
[INFO]: split.20.fastq Peptide dataset shape: (39419, 517)
[INFO]: -----------------------------------------------------------------
[INFO]: The following handler was succesfully initialized: <Pipeline object; current queue size: 0 routine(s)>
[INFO]: The following handler was succesfully initialized: <FastqParser object>
[INFO]: Fetching split.1.fastq.gz. . .
[ERROR]: pep library design does not contain enough regions. Library design contains 13 regions; specified: up to 14
Traceback (most recent call last):
  File "/home/zhao/NGS/code/naiveFL_analysis_revcom.py", line 76, in <module>
    par.cr_filter_fuzzy(where='pep', loc=[1,3,5,7,9,11,13], tol=2),
  File "/home/zhao/NGS/code/utils/ProcessHandlers.py", line 1061, in cr_filter_fuzzy
    self._loc_check(loc, design)
  File "/home/zhao/NGS/code/utils/ProcessHandlers.py", line 538, in _loc_check
    raise AssertionError(msg)
AssertionError: pep library design does not contain enough regions. Library design contains 13 regions; specified: up to 14
[INFO]: The following handler was succesfully initialized: <Pipeline object; current queue size: 0 routine(s)>
[INFO]: The following handler was succesfully initialized: <FastqParser object>
[INFO]: Fetching split.1.fastq.gz. . .
[INFO]: 11 routines appended to pipeline; current queue size: 11
[INFO]: split.1.fastq DNA dataset shape: (223100,)
[INFO]: split.1.fastq Q score dataset shape: (223100,)
[INFO]: split.1.fastq Peptide dataset shape: None
[INFO]: -----------------------------------------------------------------
[INFO]: Queuing <revcom_data> routine. . .
TypeError: only length-1 arrays can be converted to Python scalars

The above exception was the direct cause of the following exception:

Traceback (most recent call last):
  File "/home/zhao/NGS/code/naiveFL_analysis_revcom.py", line 106, in <module>
    pip.run(data, save_summary=False)         # run the queue
  File "/home/zhao/NGS/code/utils/ProcessHandlers.py", line 369, in run
    data = func(data)
  File "/home/zhao/NGS/code/utils/ProcessHandlers.py", line 800, in revcom_data
    sample.Q = _r(sample.Q)
  File "/home/zhao/NGS_env/lib/python3.10/site-packages/numpy/lib/_function_base_impl.py", line 2522, in __call__
    return self._call_as_normal(*args, **kwargs)
  File "/home/zhao/NGS_env/lib/python3.10/site-packages/numpy/lib/_function_base_impl.py", line 2515, in _call_as_normal
    return self._vectorize_call(func=func, args=vargs)
  File "/home/zhao/NGS_env/lib/python3.10/site-packages/numpy/lib/_function_base_impl.py", line 2608, in _vectorize_call
    res = asanyarray(outputs, dtype=otypes[0])
ValueError: setting an array element with a sequence.
[INFO]: The following handler was succesfully initialized: <Pipeline object; current queue size: 0 routine(s)>
[INFO]: The following handler was succesfully initialized: <FastqParser object>
[INFO]: Fetching split.1.fastq.gz. . .
[INFO]: 11 routines appended to pipeline; current queue size: 11
[INFO]: split.1.fastq DNA dataset shape: (223100,)
[INFO]: split.1.fastq Q score dataset shape: (223100,)
[INFO]: split.1.fastq Peptide dataset shape: None
[INFO]: -----------------------------------------------------------------
[INFO]: Queuing <revcom_data> routine. . .
[INFO]: The operation took 4.409 s
[INFO]: split.1.fastq DNA dataset shape: (223100,)
[INFO]: split.1.fastq Q score dataset shape: (223100,)
[INFO]: split.1.fastq Peptide dataset shape: None
[INFO]: -----------------------------------------------------------------
[INFO]: Queuing <translate_dna> routine. . .
[INFO]: The operation took 34.096 s
[INFO]: split.1.fastq DNA dataset shape: (223100, 10457)
[INFO]: split.1.fastq Q score dataset shape: (223100, 10457)
[INFO]: split.1.fastq Peptide dataset shape: (223100, 534)
[INFO]: -----------------------------------------------------------------
[INFO]: Queuing <q_score_filter> routine. . .
